<?xml version="1.0" encoding="ISO-8859-1"?><ROOT>
<Tmp cdgrupoarticulo="67" dsgrupoarticulo="ABRAZADERA" fecmod="2022-09-05T09:18:01" cdusumod="EPLI" pcmod="PLANEAMIENTO20 # RCALLE" />
<Tmp cdgrupoarticulo="68" dsgrupoarticulo="ACEITE" fecmod="2022-09-05T14:45:08" cdusumod="EPLI" pcmod="PLANEAMIENTO20 # RCALLE" />
<Tmp cdgrupoarticulo="69" dsgrupoarticulo="ADAPTADOR" fecmod="2022-09-05T14:46:09" cdusumod="EPLI" pcmod="PLANEAMIENTO20 # RCALLE" />
<Tmp cdgrupoarticulo="70" dsgrupoarticulo="ANAQUEL" fecmod="2022-09-05T14:46:09" cdusumod="EPLI" pcmod="PLANEAMIENTO20 # RCALLE" />
<Tmp cdgrupoarticulo="71" dsgrupoarticulo="ANGULO" fecmod="2022-09-05T14:49:07" cdusumod="EPLI" pcmod="PLANEAMIENTO20 # RCALLE" />
<Tmp cdgrupoarticulo="72" dsgrupoarticulo="BRAQUETA" fecmod="2022-09-05T14:57:02" cdusumod="EPLI" pcmod="PLANEAMIENTO20 # RCALLE" />
<Tmp cdgrupoarticulo="73" dsgrupoarticulo="BROCHA" fecmod="2022-09-05T15:00:00" cdusumod="EPLI" pcmod="PLANEAMIENTO20 # RCALLE" />
<Tmp cdgrupoarticulo="74" dsgrupoarticulo="CANALETA" fecmod="2022-09-05T15:01:03" cdusumod="EPLI" pcmod="PLANEAMIENTO20 # RCALLE" />
<Tmp cdgrupoarticulo="75" dsgrupoarticulo="CANDADO" fecmod="2022-09-05T15:06:05" cdusumod="EPLI" pcmod="PLANEAMIENTO20 # RCALLE" />
<Tmp cdgrupoarticulo="76" dsgrupoarticulo="PINTURA" fecmod="2022-09-05T15:57:08" cdusumod="EPLI" pcmod="PLANEAMIENTO20 # RCALLE" />
<Tmp cdgrupoarticulo="77" dsgrupoarticulo="HERRAMIENTA" fecmod="2022-09-05T16:12:08" cdusumod="EPLI" pcmod="PLANEAMIENTO20 # RCALLE" />
<Tmp cdgrupoarticulo="78" dsgrupoarticulo="BALDOSA" fecmod="2022-09-05T16:21:00" cdusumod="EPLI" pcmod="PLANEAMIENTO20 # RCALLE" />
</ROOT>