<?xml version="1.0" encoding="ISO-8859-1"?><ROOT>
<Tmp cdlocal="00" docpago="P" cdtipodoc="00003" nrodocumento="B16500066594" renovacion="" nropos="CAJA1" fecdocumento="2022-08-22T00:00:00" fecvencimiento="2022-08-23T00:00:00" fecpago="2022-09-06T00:00:00" fecsistema="2022-09-06T12:37:20" cddocaplica="" nrodocaplica="" cdcliente="MAY" cdusuario="MAY" cdmoneda="S" mtototal="62.9000" mtoemision="62.9000" mtosoles="62.9000" mtodolares="19.3200" mtodifcambio="0.0000" cdvendedor="YCF" tcambio="3.256000" cdcobrador="EJSR" nropago="58066" nroplanilla="" nrorecibo="" cdtppago="00001" cdbanco="" nrocuenta="" nrocheque="" cdtarjeta="" nrotarjeta="" referencia="" flgmanual="0" turno="0" flgcredito02="0" flgcancelado="0" mtoisc="0.0000" mtopercepcion="0.0000" />
<Tmp cdlocal="00" docpago="P" cdtipodoc="00001" nrodocumento="F00100003756" renovacion="" nropos="CAJA1" fecdocumento="2021-08-03T00:00:00" fecvencimiento="2021-09-02T00:00:00" fecpago="2022-09-05T00:00:00" fecsistema="2022-09-05T17:22:43" cddocaplica="" nrodocaplica="" cdcliente="20506035121" cdusuario="" cdmoneda="S" mtototal="0.3000" mtoemision="0.3000" mtosoles="0.3000" mtodolares="0.0900" mtodifcambio="0.0000" cdvendedor="RJG" tcambio="3.256000" cdcobrador="SPC" nropago="58063" nroplanilla="" nrorecibo="" cdtppago="00001" cdbanco="" nrocuenta="" nrocheque="" cdtarjeta="" nrotarjeta="" referencia="" flgmanual="0" turno="1" flgcredito02="0" flgcancelado="1" mtoisc="0.0000" mtopercepcion="0.0000" />
<Tmp cdlocal="00" docpago="P" cdtipodoc="00001" nrodocumento="F00100004366" renovacion="" nropos="CAJA1" fecdocumento="2022-03-04T00:00:00" fecvencimiento="2022-04-03T00:00:00" fecpago="2022-09-05T00:00:00" fecsistema="2022-09-05T17:22:43" cddocaplica="" nrodocaplica="" cdcliente="20506035121" cdusuario="" cdmoneda="S" mtototal="0.0000" mtoemision="0.0000" mtosoles="0.0000" mtodolares="0.0000" mtodifcambio="0.0000" cdvendedor="SPC" tcambio="3.256000" cdcobrador="SPC" nropago="58063" nroplanilla="" nrorecibo="" cdtppago="00001" cdbanco="" nrocuenta="" nrocheque="" cdtarjeta="" nrotarjeta="" referencia="" flgmanual="0" turno="1" flgcredito02="0" flgcancelado="1" mtoisc="0.0000" mtopercepcion="0.0000" />
<Tmp cdlocal="00" docpago="P" cdtipodoc="00001" nrodocumento="F00100004366" renovacion="" nropos="CAJA1" fecdocumento="2022-03-04T00:00:00" fecvencimiento="2022-04-03T00:00:00" fecpago="2022-09-05T00:00:00" fecsistema="2022-09-05T17:24:14" cddocaplica="" nrodocaplica="" cdcliente="20506035121" cdusuario="" cdmoneda="S" mtototal="31794.8000" mtoemision="31794.8000" mtosoles="31794.8000" mtodolares="9764.9900" mtodifcambio="0.0000" cdvendedor="SPC" tcambio="3.256000" cdcobrador="SPC" nropago="58064" nroplanilla="" nrorecibo="" cdtppago="00001" cdbanco="" nrocuenta="" nrocheque="" cdtarjeta="" nrotarjeta="" referencia="" flgmanual="0" turno="1" flgcredito02="0" flgcancelado="1" mtoisc="0.0000" mtopercepcion="0.0000" />
<Tmp cdlocal="00" docpago="P" cdtipodoc="00001" nrodocumento="F00100004754" renovacion="" nropos="CAJA1" fecdocumento="2022-07-07T00:00:00" fecvencimiento="2022-08-06T00:00:00" fecpago="2022-09-05T00:00:00" fecsistema="2022-09-05T17:22:43" cddocaplica="" nrodocaplica="" cdcliente="20506035121" cdusuario="" cdmoneda="S" mtototal="472.0000" mtoemision="472.0000" mtosoles="472.0000" mtodolares="144.9600" mtodifcambio="0.0000" cdvendedor="SPC" tcambio="3.256000" cdcobrador="SPC" nropago="58063" nroplanilla="" nrorecibo="" cdtppago="00001" cdbanco="" nrocuenta="" nrocheque="" cdtarjeta="" nrotarjeta="" referencia="" flgmanual="0" turno="1" flgcredito02="0" flgcancelado="1" mtoisc="0.0000" mtopercepcion="0.0000" />
<Tmp cdlocal="00" docpago="P" cdtipodoc="00001" nrodocumento="F00100004755" renovacion="" nropos="CAJA1" fecdocumento="2022-07-07T00:00:00" fecvencimiento="2022-08-06T00:00:00" fecpago="2022-09-05T00:00:00" fecsistema="2022-09-05T17:22:43" cddocaplica="" nrodocaplica="" cdcliente="20506035121" cdusuario="" cdmoneda="S" mtototal="3068.0000" mtoemision="3068.0000" mtosoles="3068.0000" mtodolares="942.2600" mtodifcambio="0.0000" cdvendedor="SPC" tcambio="3.256000" cdcobrador="SPC" nropago="58063" nroplanilla="" nrorecibo="" cdtppago="00001" cdbanco="" nrocuenta="" nrocheque="" cdtarjeta="" nrotarjeta="" referencia="" flgmanual="0" turno="1" flgcredito02="0" flgcancelado="1" mtoisc="0.0000" mtopercepcion="0.0000" />
<Tmp cdlocal="00" docpago="P" cdtipodoc="00001" nrodocumento="F00100004756" renovacion="" nropos="CAJA1" fecdocumento="2022-07-07T00:00:00" fecvencimiento="2022-08-06T00:00:00" fecpago="2022-09-05T00:00:00" fecsistema="2022-09-05T17:22:43" cddocaplica="" nrodocaplica="" cdcliente="20506035121" cdusuario="" cdmoneda="S" mtototal="0.0000" mtoemision="0.0000" mtosoles="0.0000" mtodolares="0.0000" mtodifcambio="0.0000" cdvendedor="SPC" tcambio="3.256000" cdcobrador="SPC" nropago="58063" nroplanilla="" nrorecibo="" cdtppago="00001" cdbanco="" nrocuenta="" nrocheque="" cdtarjeta="" nrotarjeta="" referencia="" flgmanual="0" turno="1" flgcredito02="0" flgcancelado="1" mtoisc="0.0000" mtopercepcion="0.0000" />
<Tmp cdlocal="00" docpago="P" cdtipodoc="00001" nrodocumento="F00100004756" renovacion="" nropos="CAJA1" fecdocumento="2022-07-07T00:00:00" fecvencimiento="2022-08-06T00:00:00" fecpago="2022-09-05T00:00:00" fecsistema="2022-09-05T17:24:14" cddocaplica="" nrodocaplica="" cdcliente="20506035121" cdusuario="" cdmoneda="S" mtototal="40920.1000" mtoemision="40920.1000" mtosoles="40920.1000" mtodolares="12567.6000" mtodifcambio="0.0000" cdvendedor="SPC" tcambio="3.256000" cdcobrador="SPC" nropago="58064" nroplanilla="" nrorecibo="" cdtppago="00001" cdbanco="" nrocuenta="" nrocheque="" cdtarjeta="" nrotarjeta="" referencia="" flgmanual="0" turno="1" flgcredito02="0" flgcancelado="1" mtoisc="0.0000" mtopercepcion="0.0000" />
<Tmp cdlocal="00" docpago="P" cdtipodoc="00001" nrodocumento="F00100004854" renovacion="" nropos="CAJA1" fecdocumento="2022-08-03T00:00:00" fecvencimiento="2022-09-02T00:00:00" fecpago="2022-09-05T00:00:00" fecsistema="2022-09-05T17:22:43" cddocaplica="" nrodocaplica="" cdcliente="20506035121" cdusuario="" cdmoneda="S" mtototal="3186.0000" mtoemision="3186.0000" mtosoles="3186.0000" mtodolares="978.5000" mtodifcambio="0.0000" cdvendedor="SPC" tcambio="3.256000" cdcobrador="SPC" nropago="58063" nroplanilla="" nrorecibo="" cdtppago="00001" cdbanco="" nrocuenta="" nrocheque="" cdtarjeta="" nrotarjeta="" referencia="" flgmanual="0" turno="1" flgcredito02="0" flgcancelado="1" mtoisc="0.0000" mtopercepcion="0.0000" />
<Tmp cdlocal="00" docpago="P" cdtipodoc="00001" nrodocumento="F00100004855" renovacion="" nropos="CAJA1" fecdocumento="2022-08-03T00:00:00" fecvencimiento="2022-09-02T00:00:00" fecpago="2022-09-05T00:00:00" fecsistema="2022-09-05T17:22:43" cddocaplica="" nrodocaplica="" cdcliente="20506035121" cdusuario="" cdmoneda="S" mtototal="35723.7000" mtoemision="35723.7000" mtosoles="35723.7000" mtodolares="10971.6500" mtodifcambio="0.0000" cdvendedor="SPC" tcambio="3.256000" cdcobrador="SPC" nropago="58063" nroplanilla="" nrorecibo="" cdtppago="00001" cdbanco="" nrocuenta="" nrocheque="" cdtarjeta="" nrotarjeta="" referencia="" flgmanual="0" turno="1" flgcredito02="0" flgcancelado="1" mtoisc="0.0000" mtopercepcion="0.0000" />
<Tmp cdlocal="00" docpago="P" cdtipodoc="00001" nrodocumento="F00100004856" renovacion="" nropos="CAJA1" fecdocumento="2022-08-03T00:00:00" fecvencimiento="2022-09-02T00:00:00" fecpago="2022-09-05T00:00:00" fecsistema="2022-09-05T17:22:43" cddocaplica="" nrodocaplica="" cdcliente="20506035121" cdusuario="" cdmoneda="S" mtototal="472.0000" mtoemision="472.0000" mtosoles="472.0000" mtodolares="144.9600" mtodifcambio="0.0000" cdvendedor="SPC" tcambio="3.256000" cdcobrador="SPC" nropago="58063" nroplanilla="" nrorecibo="" cdtppago="00001" cdbanco="" nrocuenta="" nrocheque="" cdtarjeta="" nrotarjeta="" referencia="" flgmanual="0" turno="1" flgcredito02="0" flgcancelado="1" mtoisc="0.0000" mtopercepcion="0.0000" />
<Tmp cdlocal="00" docpago="P" cdtipodoc="00001" nrodocumento="F00100004432" renovacion="" nropos="CAJA1" fecdocumento="2022-04-08T00:00:00" fecvencimiento="2022-05-08T00:00:00" fecpago="2022-09-05T00:00:00" fecsistema="2022-09-05T17:22:43" cddocaplica="" nrodocaplica="" cdcliente="20506035121" cdusuario="" cdmoneda="S" mtototal="472.0000" mtoemision="472.0000" mtosoles="472.0000" mtodolares="144.9600" mtodifcambio="0.0000" cdvendedor="SPC" tcambio="3.256000" cdcobrador="SPC" nropago="58063" nroplanilla="" nrorecibo="" cdtppago="00001" cdbanco="" nrocuenta="" nrocheque="" cdtarjeta="" nrotarjeta="" referencia="" flgmanual="0" turno="1" flgcredito02="0" flgcancelado="1" mtoisc="0.0000" mtopercepcion="0.0000" />
<Tmp cdlocal="00" docpago="P" cdtipodoc="00001" nrodocumento="F00100004433" renovacion="" nropos="CAJA1" fecdocumento="2022-04-08T00:00:00" fecvencimiento="2022-05-08T00:00:00" fecpago="2022-09-05T00:00:00" fecsistema="2022-09-05T17:22:43" cddocaplica="" nrodocaplica="" cdcliente="20506035121" cdusuario="" cdmoneda="S" mtototal="34193.7000" mtoemision="34193.7000" mtosoles="34193.7000" mtodolares="10501.7500" mtodifcambio="0.0000" cdvendedor="SPC" tcambio="3.256000" cdcobrador="SPC" nropago="58063" nroplanilla="" nrorecibo="" cdtppago="00001" cdbanco="" nrocuenta="" nrocheque="" cdtarjeta="" nrotarjeta="" referencia="" flgmanual="0" turno="1" flgcredito02="0" flgcancelado="1" mtoisc="0.0000" mtopercepcion="0.0000" />
<Tmp cdlocal="00" docpago="P" cdtipodoc="00001" nrodocumento="F00100004434" renovacion="" nropos="CAJA1" fecdocumento="2022-04-08T00:00:00" fecvencimiento="2022-05-08T00:00:00" fecpago="2022-09-05T00:00:00" fecsistema="2022-09-05T17:22:43" cddocaplica="" nrodocaplica="" cdcliente="20506035121" cdusuario="" cdmoneda="S" mtototal="2950.0000" mtoemision="2950.0000" mtosoles="2950.0000" mtodolares="906.0200" mtodifcambio="0.0000" cdvendedor="SPC" tcambio="3.256000" cdcobrador="SPC" nropago="58063" nroplanilla="" nrorecibo="" cdtppago="00001" cdbanco="" nrocuenta="" nrocheque="" cdtarjeta="" nrotarjeta="" referencia="" flgmanual="0" turno="1" flgcredito02="0" flgcancelado="1" mtoisc="0.0000" mtopercepcion="0.0000" />
<Tmp cdlocal="00" docpago="P" cdtipodoc="00001" nrodocumento="F00100004507" renovacion="" nropos="CAJA1" fecdocumento="2022-05-04T00:00:00" fecvencimiento="2022-06-03T00:00:00" fecpago="2022-09-05T00:00:00" fecsistema="2022-09-05T17:22:43" cddocaplica="" nrodocaplica="" cdcliente="20506035121" cdusuario="" cdmoneda="S" mtototal="3068.0000" mtoemision="3068.0000" mtosoles="3068.0000" mtodolares="942.2600" mtodifcambio="0.0000" cdvendedor="SPC" tcambio="3.256000" cdcobrador="SPC" nropago="58063" nroplanilla="" nrorecibo="" cdtppago="00001" cdbanco="" nrocuenta="" nrocheque="" cdtarjeta="" nrotarjeta="" referencia="" flgmanual="0" turno="1" flgcredito02="0" flgcancelado="1" mtoisc="0.0000" mtopercepcion="0.0000" />
<Tmp cdlocal="00" docpago="P" cdtipodoc="00001" nrodocumento="F00100004509" renovacion="" nropos="CAJA1" fecdocumento="2022-05-04T00:00:00" fecvencimiento="2022-06-03T00:00:00" fecpago="2022-09-05T00:00:00" fecsistema="2022-09-05T17:22:43" cddocaplica="" nrodocaplica="" cdcliente="20506035121" cdusuario="" cdmoneda="S" mtototal="472.0000" mtoemision="472.0000" mtosoles="472.0000" mtodolares="144.9600" mtodifcambio="0.0000" cdvendedor="SPC" tcambio="3.256000" cdcobrador="SPC" nropago="58063" nroplanilla="" nrorecibo="" cdtppago="00001" cdbanco="" nrocuenta="" nrocheque="" cdtarjeta="" nrotarjeta="" referencia="" flgmanual="0" turno="1" flgcredito02="0" flgcancelado="1" mtoisc="0.0000" mtopercepcion="0.0000" />
<Tmp cdlocal="00" docpago="P" cdtipodoc="00001" nrodocumento="F00100004510" renovacion="" nropos="CAJA1" fecdocumento="2022-05-04T00:00:00" fecvencimiento="2022-06-03T00:00:00" fecpago="2022-09-05T00:00:00" fecsistema="2022-09-05T17:22:43" cddocaplica="" nrodocaplica="" cdcliente="20506035121" cdusuario="" cdmoneda="S" mtototal="32928.7000" mtoemision="32928.7000" mtosoles="32928.7000" mtodolares="10113.2400" mtodifcambio="0.0000" cdvendedor="SPC" tcambio="3.256000" cdcobrador="SPC" nropago="58063" nroplanilla="" nrorecibo="" cdtppago="00001" cdbanco="" nrocuenta="" nrocheque="" cdtarjeta="" nrotarjeta="" referencia="" flgmanual="0" turno="1" flgcredito02="0" flgcancelado="1" mtoisc="0.0000" mtopercepcion="0.0000" />
<Tmp cdlocal="00" docpago="P" cdtipodoc="00001" nrodocumento="F00100004602" renovacion="" nropos="CAJA1" fecdocumento="2022-06-08T00:00:00" fecvencimiento="2022-07-08T00:00:00" fecpago="2022-09-05T00:00:00" fecsistema="2022-09-05T17:22:43" cddocaplica="" nrodocaplica="" cdcliente="20506035121" cdusuario="" cdmoneda="S" mtototal="3186.0000" mtoemision="3186.0000" mtosoles="3186.0000" mtodolares="978.5000" mtodifcambio="0.0000" cdvendedor="SPC" tcambio="3.256000" cdcobrador="SPC" nropago="58063" nroplanilla="" nrorecibo="" cdtppago="00001" cdbanco="" nrocuenta="" nrocheque="" cdtarjeta="" nrotarjeta="" referencia="" flgmanual="0" turno="1" flgcredito02="0" flgcancelado="1" mtoisc="0.0000" mtopercepcion="0.0000" />
<Tmp cdlocal="00" docpago="P" cdtipodoc="00001" nrodocumento="F00100004603" renovacion="" nropos="CAJA1" fecdocumento="2022-06-08T00:00:00" fecvencimiento="2022-07-08T00:00:00" fecpago="2022-09-05T00:00:00" fecsistema="2022-09-05T17:22:43" cddocaplica="" nrodocaplica="" cdcliente="20506035121" cdusuario="" cdmoneda="S" mtototal="37251.1000" mtoemision="37251.1000" mtosoles="37251.1000" mtodolares="11440.7600" mtodifcambio="0.0000" cdvendedor="SPC" tcambio="3.256000" cdcobrador="SPC" nropago="58063" nroplanilla="" nrorecibo="" cdtppago="00001" cdbanco="" nrocuenta="" nrocheque="" cdtarjeta="" nrotarjeta="" referencia="" flgmanual="0" turno="1" flgcredito02="0" flgcancelado="1" mtoisc="0.0000" mtopercepcion="0.0000" />
<Tmp cdlocal="00" docpago="P" cdtipodoc="00003" nrodocumento="B00900532312" renovacion="" nropos="CAJA1" fecdocumento="2022-08-22T00:00:00" fecvencimiento="2022-08-23T00:00:00" fecpago="2022-09-06T00:00:00" fecsistema="2022-09-06T14:21:45" cddocaplica="" nrodocaplica="" cdcliente="BRR" cdusuario="BRR" cdmoneda="S" mtototal="60.3000" mtoemision="60.3000" mtosoles="60.3000" mtodolares="18.5200" mtodifcambio="0.0000" cdvendedor="FDPG" tcambio="3.256000" cdcobrador="EJSR" nropago="58068" nroplanilla="" nrorecibo="" cdtppago="00001" cdbanco="" nrocuenta="" nrocheque="" cdtarjeta="" nrotarjeta="" referencia="" flgmanual="0" turno="0" flgcredito02="0" flgcancelado="0" mtoisc="0.0000" mtopercepcion="0.0000" />
<Tmp cdlocal="00" docpago="P" cdtipodoc="00001" nrodocumento="F00100004604" renovacion="" nropos="CAJA1" fecdocumento="2022-06-08T00:00:00" fecvencimiento="2022-07-08T00:00:00" fecpago="2022-09-05T00:00:00" fecsistema="2022-09-05T17:22:43" cddocaplica="" nrodocaplica="" cdcliente="20506035121" cdusuario="" cdmoneda="S" mtototal="472.0000" mtoemision="472.0000" mtosoles="472.0000" mtodolares="144.9600" mtodifcambio="0.0000" cdvendedor="SPC" tcambio="3.256000" cdcobrador="SPC" nropago="58063" nroplanilla="" nrorecibo="" cdtppago="00001" cdbanco="" nrocuenta="" nrocheque="" cdtarjeta="" nrotarjeta="" referencia="" flgmanual="0" turno="1" flgcredito02="0" flgcancelado="1" mtoisc="0.0000" mtopercepcion="0.0000" />
<Tmp cdlocal="00" docpago="P" cdtipodoc="00003" nrodocumento="B08200682255" renovacion="" nropos="CAJA1" fecdocumento="2022-08-23T00:00:00" fecvencimiento="2022-08-24T00:00:00" fecpago="2022-09-06T00:00:00" fecsistema="2022-09-06T12:58:08" cddocaplica="" nrodocaplica="" cdcliente="SYCM" cdusuario="SYCM" cdmoneda="S" mtototal="42.0000" mtoemision="42.0000" mtosoles="42.0000" mtodolares="12.9000" mtodifcambio="0.0000" cdvendedor="KYOA" tcambio="3.256000" cdcobrador="EJSR" nropago="58067" nroplanilla="" nrorecibo="" cdtppago="00001" cdbanco="" nrocuenta="" nrocheque="" cdtarjeta="" nrotarjeta="" referencia="" flgmanual="0" turno="0" flgcredito02="0" flgcancelado="0" mtoisc="0.0000" mtopercepcion="0.0000" />
<Tmp cdlocal="00" docpago="P" cdtipodoc="00003" nrodocumento="B06100714961" renovacion="" nropos="CAJA1" fecdocumento="2022-08-31T00:00:00" fecvencimiento="2022-09-01T00:00:00" fecpago="2022-09-06T00:00:00" fecsistema="2022-09-06T16:35:15" cddocaplica="" nrodocaplica="" cdcliente="KJHT" cdusuario="KJHT" cdmoneda="S" mtototal="26.3000" mtoemision="26.3000" mtosoles="26.3000" mtodolares="8.0800" mtodifcambio="0.0000" cdvendedor="KGPE" tcambio="3.256000" cdcobrador="EJSR" nropago="58069" nroplanilla="" nrorecibo="" cdtppago="00001" cdbanco="" nrocuenta="" nrocheque="" cdtarjeta="" nrotarjeta="" referencia="" flgmanual="0" turno="0" flgcredito02="0" flgcancelado="0" mtoisc="0.0000" mtopercepcion="0.0000" />
<Tmp cdlocal="00" docpago="P" cdtipodoc="00003" nrodocumento="B17800033214" renovacion="" nropos="CAJA1" fecdocumento="2022-08-29T00:00:00" fecvencimiento="2022-08-30T00:00:00" fecpago="2022-09-07T00:00:00" fecsistema="2022-09-07T09:11:13" cddocaplica="" nrodocaplica="" cdcliente="CLMR" cdusuario="CLMR" cdmoneda="S" mtototal="26.3000" mtoemision="26.3000" mtosoles="26.3000" mtodolares="8.0800" mtodifcambio="0.0000" cdvendedor="ACT" tcambio="3.256000" cdcobrador="EJSR" nropago="58071" nroplanilla="" nrorecibo="" cdtppago="00001" cdbanco="" nrocuenta="" nrocheque="" cdtarjeta="" nrotarjeta="" referencia="" flgmanual="0" turno="0" flgcredito02="0" flgcancelado="0" mtoisc="0.0000" mtopercepcion="0.0000" />
<Tmp cdlocal="00" docpago="P" cdtipodoc="00003" nrodocumento="B14600129355" renovacion="" nropos="CAJA1" fecdocumento="2022-08-26T00:00:00" fecvencimiento="2022-08-27T00:00:00" fecpago="2022-09-06T00:00:00" fecsistema="2022-09-06T10:33:35" cddocaplica="" nrodocaplica="" cdcliente="SEHCH" cdusuario="SEHCH" cdmoneda="S" mtototal="40.7000" mtoemision="40.7000" mtosoles="40.7000" mtodolares="12.5000" mtodifcambio="0.0000" cdvendedor="EKE" tcambio="3.256000" cdcobrador="EJSR" nropago="58065" nroplanilla="" nrorecibo="" cdtppago="00001" cdbanco="" nrocuenta="" nrocheque="" cdtarjeta="" nrotarjeta="" referencia="" flgmanual="0" turno="0" flgcredito02="0" flgcancelado="0" mtoisc="0.0000" mtopercepcion="0.0000" />
<Tmp cdlocal="00" docpago="P" cdtipodoc="00003" nrodocumento="B01901229198" renovacion="" nropos="CAJA1" fecdocumento="2022-08-21T00:00:00" fecvencimiento="2022-08-22T00:00:00" fecpago="2022-09-06T00:00:00" fecsistema="2022-09-06T17:18:41" cddocaplica="" nrodocaplica="" cdcliente="MVLLR" cdusuario="MVLLR" cdmoneda="S" mtototal="8.2000" mtoemision="8.2000" mtosoles="8.2000" mtodolares="2.5200" mtodifcambio="0.0000" cdvendedor="MVLLR" tcambio="3.256000" cdcobrador="EJSR" nropago="58070" nroplanilla="" nrorecibo="" cdtppago="00001" cdbanco="" nrocuenta="" nrocheque="" cdtarjeta="" nrotarjeta="" referencia="" flgmanual="0" turno="0" flgcredito02="0" flgcancelado="0" mtoisc="0.0000" mtopercepcion="0.0000" />
<Tmp cdlocal="00" docpago="P" cdtipodoc="00003" nrodocumento="B01901229199" renovacion="" nropos="CAJA1" fecdocumento="2022-08-21T00:00:00" fecvencimiento="2022-08-22T00:00:00" fecpago="2022-09-06T00:00:00" fecsistema="2022-09-06T17:18:41" cddocaplica="" nrodocaplica="" cdcliente="MVLLR" cdusuario="MVLLR" cdmoneda="S" mtototal="1.5000" mtoemision="1.5000" mtosoles="1.5000" mtodolares="0.4600" mtodifcambio="0.0000" cdvendedor="MVLLR" tcambio="3.256000" cdcobrador="EJSR" nropago="58070" nroplanilla="" nrorecibo="" cdtppago="00001" cdbanco="" nrocuenta="" nrocheque="" cdtarjeta="" nrotarjeta="" referencia="" flgmanual="0" turno="0" flgcredito02="0" flgcancelado="0" mtoisc="0.0000" mtopercepcion="0.0000" />
</ROOT>