<?xml version="1.0" encoding="ISO-8859-1"?><ROOT>
<Tmp cdgrupo="00001" cdtpsalida="" cdtpingreso="C1" fecmod="2021-06-08T17:37:36" flgborrado="0" />
<Tmp cdgrupo="00001" cdtpsalida="" cdtpingreso="CAJUS" fecmod="2021-06-08T17:37:36" flgborrado="0" />
<Tmp cdgrupo="00001" cdtpsalida="" cdtpingreso="CARCR" fecmod="2021-06-08T17:37:36" flgborrado="0" />
<Tmp cdgrupo="00001" cdtpsalida="" cdtpingreso="CARFA" fecmod="2021-06-08T17:37:36" flgborrado="0" />
<Tmp cdgrupo="00001" cdtpsalida="" cdtpingreso="CINOV" fecmod="2021-06-08T17:37:36" flgborrado="0" />
<Tmp cdgrupo="00001" cdtpsalida="" cdtpingreso="CJEBP" fecmod="2021-06-08T17:37:36" flgborrado="0" />
<Tmp cdgrupo="00001" cdtpsalida="" cdtpingreso="CNCTI" fecmod="2021-06-08T17:37:36" flgborrado="0" />
<Tmp cdgrupo="00001" cdtpsalida="" cdtpingreso="CPREM" fecmod="2021-06-08T17:37:36" flgborrado="0" />
<Tmp cdgrupo="00001" cdtpsalida="" cdtpingreso="CRECO" fecmod="2021-06-08T17:37:36" flgborrado="0" />
<Tmp cdgrupo="00001" cdtpsalida="" cdtpingreso="CTRAS" fecmod="2021-06-08T17:37:36" flgborrado="0" />
<Tmp cdgrupo="00001" cdtpsalida="" cdtpingreso="IBFD" fecmod="2021-06-08T17:37:36" flgborrado="0" />
<Tmp cdgrupo="00001" cdtpsalida="" cdtpingreso="ICMAN" fecmod="2021-06-08T17:37:36" flgborrado="0" />
<Tmp cdgrupo="00001" cdtpsalida="" cdtpingreso="ICPEN" fecmod="2021-06-08T17:37:36" flgborrado="0" />
<Tmp cdgrupo="00001" cdtpsalida="" cdtpingreso="IGRAD" fecmod="2021-06-08T17:37:36" flgborrado="0" />
<Tmp cdgrupo="00001" cdtpsalida="" cdtpingreso="IGRCD" fecmod="2021-06-08T17:37:36" flgborrado="0" />
<Tmp cdgrupo="00001" cdtpsalida="" cdtpingreso="IGUIR" fecmod="2021-06-08T17:37:36" flgborrado="0" />
<Tmp cdgrupo="00001" cdtpsalida="" cdtpingreso="IPERR" fecmod="2021-06-08T17:37:36" flgborrado="0" />
<Tmp cdgrupo="00001" cdtpsalida="" cdtpingreso="IPINV" fecmod="2021-06-08T17:37:36" flgborrado="0" />
<Tmp cdgrupo="00001" cdtpsalida="" cdtpingreso="IRCOM" fecmod="2021-06-08T17:37:36" flgborrado="0" />
<Tmp cdgrupo="00001" cdtpsalida="" cdtpingreso="IXCJE" fecmod="2021-06-08T17:37:36" flgborrado="0" />
<Tmp cdgrupo="00001" cdtpsalida="" cdtpingreso="TRFIN" fecmod="2021-06-08T17:37:36" flgborrado="0" />
<Tmp cdgrupo="00001" cdtpsalida="" cdtpingreso="TRFLO" fecmod="2021-06-08T17:37:36" flgborrado="0" />
<Tmp cdgrupo="00001" cdtpsalida="DAJUS" cdtpingreso="" fecmod="2021-06-08T17:37:36" flgborrado="0" />
<Tmp cdgrupo="00001" cdtpsalida="DCOST" cdtpingreso="" fecmod="2021-06-08T17:37:36" flgborrado="0" />
<Tmp cdgrupo="00001" cdtpsalida="DEMAT" cdtpingreso="" fecmod="2021-06-08T17:37:36" flgborrado="0" />
<Tmp cdgrupo="00001" cdtpsalida="DESCR" cdtpingreso="" fecmod="2021-06-08T17:37:36" flgborrado="0" />
<Tmp cdgrupo="00001" cdtpsalida="DESFA" cdtpingreso="" fecmod="2021-06-08T17:37:36" flgborrado="0" />
<Tmp cdgrupo="00001" cdtpsalida="DFA" cdtpingreso="" fecmod="2021-06-08T17:37:36" flgborrado="0" />
<Tmp cdgrupo="00001" cdtpsalida="DFMAN" cdtpingreso="" fecmod="2021-06-08T17:37:36" flgborrado="0" />
<Tmp cdgrupo="00001" cdtpsalida="DIGRA" cdtpingreso="" fecmod="2021-06-08T17:37:36" flgborrado="0" />
<Tmp cdgrupo="00001" cdtpsalida="DIGRC" cdtpingreso="" fecmod="2021-06-08T17:37:36" flgborrado="0" />
<Tmp cdgrupo="00001" cdtpsalida="DINOV" cdtpingreso="" fecmod="2021-06-08T17:37:36" flgborrado="0" />
<Tmp cdgrupo="00001" cdtpsalida="DRECO" cdtpingreso="" fecmod="2021-06-08T17:37:36" flgborrado="0" />
<Tmp cdgrupo="00001" cdtpsalida="DTRAN" cdtpingreso="" fecmod="2021-06-08T17:37:36" flgborrado="0" />
<Tmp cdgrupo="00001" cdtpsalida="DTRAS" cdtpingreso="" fecmod="2021-06-08T17:37:36" flgborrado="0" />
<Tmp cdgrupo="00001" cdtpsalida="DX" cdtpingreso="" fecmod="2021-06-08T17:37:36" flgborrado="0" />
<Tmp cdgrupo="00001" cdtpsalida="DxRD" cdtpingreso="" fecmod="2021-06-08T17:37:36" flgborrado="0" />
<Tmp cdgrupo="00001" cdtpsalida="SCMAN" cdtpingreso="" fecmod="2021-06-08T17:37:36" flgborrado="0" />
<Tmp cdgrupo="00001" cdtpsalida="SDEVP" cdtpingreso="" fecmod="2021-06-08T17:37:36" flgborrado="0" />
<Tmp cdgrupo="00001" cdtpsalida="SRCOM" cdtpingreso="" fecmod="2021-06-08T17:37:36" flgborrado="0" />
<Tmp cdgrupo="00001" cdtpsalida="SXCJE" cdtpingreso="" fecmod="2021-06-08T17:37:36" flgborrado="0" />
<Tmp cdgrupo="00001" cdtpsalida="SXCMO" cdtpingreso="" fecmod="2021-06-08T17:37:36" flgborrado="0" />
<Tmp cdgrupo="00001" cdtpsalida="SXERR" cdtpingreso="" fecmod="2021-06-08T17:37:36" flgborrado="0" />
<Tmp cdgrupo="00001" cdtpsalida="TRFIN" cdtpingreso="" fecmod="2021-06-08T17:37:36" flgborrado="0" />
<Tmp cdgrupo="00001" cdtpsalida="TRFLO" cdtpingreso="" fecmod="2021-06-08T17:37:36" flgborrado="0" />
<Tmp cdgrupo="00003" cdtpsalida="" cdtpingreso="CARCR" fecmod="2022-08-09T15:48:56" flgborrado="0" />
<Tmp cdgrupo="00003" cdtpsalida="" cdtpingreso="CARFA" fecmod="2022-08-09T15:48:56" flgborrado="0" />
<Tmp cdgrupo="00003" cdtpsalida="" cdtpingreso="TRFIN" fecmod="2022-08-09T15:48:56" flgborrado="0" />
<Tmp cdgrupo="00003" cdtpsalida="DESCR" cdtpingreso="" fecmod="2022-08-09T15:48:56" flgborrado="0" />
<Tmp cdgrupo="00003" cdtpsalida="DESFA" cdtpingreso="" fecmod="2022-08-09T15:48:56" flgborrado="0" />
<Tmp cdgrupo="00003" cdtpsalida="INAG" cdtpingreso="" fecmod="2022-08-09T15:48:56" flgborrado="0" />
<Tmp cdgrupo="00003" cdtpsalida="INALA" cdtpingreso="" fecmod="2022-08-09T15:48:56" flgborrado="0" />
<Tmp cdgrupo="00003" cdtpsalida="INALM" cdtpingreso="" fecmod="2022-08-09T15:48:56" flgborrado="0" />
<Tmp cdgrupo="00003" cdtpsalida="INAUD" cdtpingreso="" fecmod="2022-08-09T15:48:56" flgborrado="0" />
<Tmp cdgrupo="00003" cdtpsalida="INCAN" cdtpingreso="" fecmod="2022-08-09T15:48:56" flgborrado="0" />
<Tmp cdgrupo="00003" cdtpsalida="INCOB" cdtpingreso="" fecmod="2022-08-09T15:48:56" flgborrado="0" />
<Tmp cdgrupo="00003" cdtpsalida="INCOL" cdtpingreso="" fecmod="2022-08-09T15:48:56" flgborrado="0" />
<Tmp cdgrupo="00003" cdtpsalida="INCOM" cdtpingreso="" fecmod="2022-08-09T15:48:56" flgborrado="0" />
<Tmp cdgrupo="00003" cdtpsalida="INCON" cdtpingreso="" fecmod="2022-08-09T15:48:56" flgborrado="0" />
<Tmp cdgrupo="00003" cdtpsalida="INCOS" cdtpingreso="" fecmod="2022-08-09T15:48:56" flgborrado="0" />
<Tmp cdgrupo="00003" cdtpsalida="INDIS" cdtpingreso="" fecmod="2022-08-09T15:48:56" flgborrado="0" />
<Tmp cdgrupo="00003" cdtpsalida="INGEA" cdtpingreso="" fecmod="2022-08-09T15:48:56" flgborrado="0" />
<Tmp cdgrupo="00003" cdtpsalida="INGEF" cdtpingreso="" fecmod="2022-08-09T15:48:56" flgborrado="0" />
<Tmp cdgrupo="00003" cdtpsalida="INGER" cdtpingreso="" fecmod="2022-08-09T15:48:56" flgborrado="0" />
<Tmp cdgrupo="00003" cdtpsalida="INLEG" cdtpingreso="" fecmod="2022-08-09T15:48:56" flgborrado="0" />
<Tmp cdgrupo="00003" cdtpsalida="INLIM" cdtpingreso="" fecmod="2022-08-09T15:48:56" flgborrado="0" />
<Tmp cdgrupo="00003" cdtpsalida="INMAN" cdtpingreso="" fecmod="2022-08-09T15:48:56" flgborrado="0" />
<Tmp cdgrupo="00003" cdtpsalida="INMEC" cdtpingreso="" fecmod="2022-08-09T15:48:56" flgborrado="0" />
<Tmp cdgrupo="00003" cdtpsalida="INMKT" cdtpingreso="" fecmod="2022-08-09T15:48:56" flgborrado="0" />
<Tmp cdgrupo="00003" cdtpsalida="INOPE" cdtpingreso="" fecmod="2022-08-09T15:48:56" flgborrado="0" />
<Tmp cdgrupo="00003" cdtpsalida="INOPV" cdtpingreso="" fecmod="2022-08-09T15:48:56" flgborrado="0" />
<Tmp cdgrupo="00003" cdtpsalida="INPLA" cdtpingreso="" fecmod="2022-08-09T15:48:56" flgborrado="0" />
<Tmp cdgrupo="00003" cdtpsalida="INPRO" cdtpingreso="" fecmod="2022-08-09T15:48:56" flgborrado="0" />
<Tmp cdgrupo="00003" cdtpsalida="INREC" cdtpingreso="" fecmod="2022-08-09T15:48:56" flgborrado="0" />
<Tmp cdgrupo="00003" cdtpsalida="INRH" cdtpingreso="" fecmod="2022-08-09T15:48:56" flgborrado="0" />
<Tmp cdgrupo="00003" cdtpsalida="INSEC" cdtpingreso="" fecmod="2022-08-09T15:48:56" flgborrado="0" />
<Tmp cdgrupo="00003" cdtpsalida="INSEG" cdtpingreso="" fecmod="2022-08-09T15:48:56" flgborrado="0" />
<Tmp cdgrupo="00003" cdtpsalida="INSIS" cdtpingreso="" fecmod="2022-08-09T15:48:56" flgborrado="0" />
<Tmp cdgrupo="00003" cdtpsalida="INTES" cdtpingreso="" fecmod="2022-08-09T15:48:56" flgborrado="0" />
<Tmp cdgrupo="00003" cdtpsalida="INTRA" cdtpingreso="" fecmod="2022-08-09T15:48:56" flgborrado="0" />
<Tmp cdgrupo="00003" cdtpsalida="TRFIN" cdtpingreso="" fecmod="2022-08-09T15:48:56" flgborrado="0" />
<Tmp cdgrupo="00006" cdtpsalida="" cdtpingreso="AYUDA" fecmod="2021-11-08T18:00:33" flgborrado="0" />
<Tmp cdgrupo="00006" cdtpsalida="" cdtpingreso="IBFD" fecmod="2021-11-08T18:00:33" flgborrado="0" />
<Tmp cdgrupo="00006" cdtpsalida="" cdtpingreso="IGUIR" fecmod="2021-11-08T18:00:33" flgborrado="0" />
<Tmp cdgrupo="00006" cdtpsalida="" cdtpingreso="INGVA" fecmod="2021-11-08T18:00:33" flgborrado="0" />
<Tmp cdgrupo="00008" cdtpsalida="" cdtpingreso="ICMAN" fecmod="2009-03-13T10:01:36" flgborrado="0" />
<Tmp cdgrupo="00008" cdtpsalida="" cdtpingreso="IRCOM" fecmod="2009-03-13T10:01:36" flgborrado="0" />
<Tmp cdgrupo="00008" cdtpsalida="SRCOM" cdtpingreso="" fecmod="2009-03-13T10:01:36" flgborrado="0" />
<Tmp cdgrupo="00009" cdtpsalida="" cdtpingreso="CARCR" fecmod="2008-07-21T00:00:00" flgborrado="0" />
<Tmp cdgrupo="00009" cdtpsalida="" cdtpingreso="CARFA" fecmod="2008-07-21T00:00:00" flgborrado="0" />
<Tmp cdgrupo="00009" cdtpsalida="" cdtpingreso="IPINV" fecmod="2008-07-21T00:00:00" flgborrado="0" />
<Tmp cdgrupo="00009" cdtpsalida="DESCR" cdtpingreso="" fecmod="2008-07-21T00:00:00" flgborrado="0" />
<Tmp cdgrupo="00009" cdtpsalida="DESFA" cdtpingreso="" fecmod="2008-07-21T00:00:00" flgborrado="0" />
<Tmp cdgrupo="00009" cdtpsalida="SXCMO" cdtpingreso="" fecmod="2008-07-21T00:00:00" flgborrado="0" />
<Tmp cdgrupo="00010" cdtpsalida="" cdtpingreso="CARCR" fecmod="2016-01-26T11:27:34" flgborrado="0" />
<Tmp cdgrupo="00010" cdtpsalida="" cdtpingreso="CARFA" fecmod="2016-01-26T11:27:34" flgborrado="0" />
<Tmp cdgrupo="00010" cdtpsalida="" cdtpingreso="IXCJE" fecmod="2016-01-26T11:27:34" flgborrado="0" />
<Tmp cdgrupo="00010" cdtpsalida="" cdtpingreso="TRFIN" fecmod="2016-01-26T11:27:34" flgborrado="0" />
<Tmp cdgrupo="00010" cdtpsalida="" cdtpingreso="TRFLO" fecmod="2016-01-26T11:27:34" flgborrado="0" />
<Tmp cdgrupo="00010" cdtpsalida="DESCR" cdtpingreso="" fecmod="2016-01-26T11:27:34" flgborrado="0" />
<Tmp cdgrupo="00010" cdtpsalida="DESFA" cdtpingreso="" fecmod="2016-01-26T11:27:34" flgborrado="0" />
<Tmp cdgrupo="00010" cdtpsalida="SALDC" cdtpingreso="" fecmod="2016-01-26T11:27:34" flgborrado="0" />
<Tmp cdgrupo="00010" cdtpsalida="SXCJE" cdtpingreso="" fecmod="2016-01-26T11:27:34" flgborrado="0" />
<Tmp cdgrupo="00010" cdtpsalida="TRFIN" cdtpingreso="" fecmod="2016-01-26T11:27:34" flgborrado="0" />
<Tmp cdgrupo="00010" cdtpsalida="TRFLO" cdtpingreso="" fecmod="2016-01-26T11:27:34" flgborrado="0" />
<Tmp cdgrupo="00011" cdtpsalida="" cdtpingreso="CARCR" fecmod="2022-07-21T09:07:24" flgborrado="0" />
<Tmp cdgrupo="00011" cdtpsalida="" cdtpingreso="CARFA" fecmod="2022-07-21T09:07:24" flgborrado="0" />
<Tmp cdgrupo="00011" cdtpsalida="" cdtpingreso="IGRAD" fecmod="2022-07-21T09:07:24" flgborrado="0" />
<Tmp cdgrupo="00011" cdtpsalida="" cdtpingreso="IGRCD" fecmod="2022-07-21T09:07:24" flgborrado="0" />
<Tmp cdgrupo="00011" cdtpsalida="" cdtpingreso="IPERR" fecmod="2022-07-21T09:07:24" flgborrado="0" />
<Tmp cdgrupo="00011" cdtpsalida="" cdtpingreso="TRFIN" fecmod="2022-07-21T09:07:24" flgborrado="0" />
<Tmp cdgrupo="00011" cdtpsalida="" cdtpingreso="TRFLO" fecmod="2022-07-21T09:07:24" flgborrado="0" />
<Tmp cdgrupo="00011" cdtpsalida="DESCR" cdtpingreso="" fecmod="2022-07-21T09:07:24" flgborrado="0" />
<Tmp cdgrupo="00011" cdtpsalida="DESFA" cdtpingreso="" fecmod="2022-07-21T09:07:24" flgborrado="0" />
<Tmp cdgrupo="00011" cdtpsalida="DIGRA" cdtpingreso="" fecmod="2022-07-21T09:07:24" flgborrado="0" />
<Tmp cdgrupo="00011" cdtpsalida="DIGRC" cdtpingreso="" fecmod="2022-07-21T09:07:24" flgborrado="0" />
<Tmp cdgrupo="00011" cdtpsalida="INAG" cdtpingreso="" fecmod="2022-07-21T09:07:24" flgborrado="0" />
<Tmp cdgrupo="00011" cdtpsalida="INALA" cdtpingreso="" fecmod="2022-07-21T09:07:24" flgborrado="0" />
<Tmp cdgrupo="00011" cdtpsalida="INALM" cdtpingreso="" fecmod="2022-07-21T09:07:24" flgborrado="0" />
<Tmp cdgrupo="00011" cdtpsalida="INAUD" cdtpingreso="" fecmod="2022-07-21T09:07:24" flgborrado="0" />
<Tmp cdgrupo="00011" cdtpsalida="INCAN" cdtpingreso="" fecmod="2022-07-21T09:07:24" flgborrado="0" />
<Tmp cdgrupo="00011" cdtpsalida="INCOB" cdtpingreso="" fecmod="2022-07-21T09:07:24" flgborrado="0" />
<Tmp cdgrupo="00011" cdtpsalida="INCOL" cdtpingreso="" fecmod="2022-07-21T09:07:24" flgborrado="0" />
<Tmp cdgrupo="00011" cdtpsalida="INCOM" cdtpingreso="" fecmod="2022-07-21T09:07:24" flgborrado="0" />
<Tmp cdgrupo="00011" cdtpsalida="INCON" cdtpingreso="" fecmod="2022-07-21T09:07:24" flgborrado="0" />
<Tmp cdgrupo="00011" cdtpsalida="INCOS" cdtpingreso="" fecmod="2022-07-21T09:07:24" flgborrado="0" />
<Tmp cdgrupo="00011" cdtpsalida="INDIS" cdtpingreso="" fecmod="2022-07-21T09:07:24" flgborrado="0" />
<Tmp cdgrupo="00011" cdtpsalida="INGEA" cdtpingreso="" fecmod="2022-07-21T09:07:24" flgborrado="0" />
<Tmp cdgrupo="00011" cdtpsalida="INGEF" cdtpingreso="" fecmod="2022-07-21T09:07:24" flgborrado="0" />
<Tmp cdgrupo="00011" cdtpsalida="INGER" cdtpingreso="" fecmod="2022-07-21T09:07:24" flgborrado="0" />
<Tmp cdgrupo="00011" cdtpsalida="INLEG" cdtpingreso="" fecmod="2022-07-21T09:07:24" flgborrado="0" />
<Tmp cdgrupo="00011" cdtpsalida="INLIM" cdtpingreso="" fecmod="2022-07-21T09:07:24" flgborrado="0" />
<Tmp cdgrupo="00011" cdtpsalida="INMAN" cdtpingreso="" fecmod="2022-07-21T09:07:24" flgborrado="0" />
<Tmp cdgrupo="00011" cdtpsalida="INMEC" cdtpingreso="" fecmod="2022-07-21T09:07:24" flgborrado="0" />
<Tmp cdgrupo="00011" cdtpsalida="INMKT" cdtpingreso="" fecmod="2022-07-21T09:07:24" flgborrado="0" />
<Tmp cdgrupo="00011" cdtpsalida="INOPE" cdtpingreso="" fecmod="2022-07-21T09:07:24" flgborrado="0" />
<Tmp cdgrupo="00011" cdtpsalida="INOPV" cdtpingreso="" fecmod="2022-07-21T09:07:24" flgborrado="0" />
<Tmp cdgrupo="00011" cdtpsalida="INPLA" cdtpingreso="" fecmod="2022-07-21T09:07:24" flgborrado="0" />
<Tmp cdgrupo="00011" cdtpsalida="INPRO" cdtpingreso="" fecmod="2022-07-21T09:07:24" flgborrado="0" />
<Tmp cdgrupo="00011" cdtpsalida="INREC" cdtpingreso="" fecmod="2022-07-21T09:07:24" flgborrado="0" />
<Tmp cdgrupo="00011" cdtpsalida="INRH" cdtpingreso="" fecmod="2022-07-21T09:07:24" flgborrado="0" />
<Tmp cdgrupo="00011" cdtpsalida="INSEC" cdtpingreso="" fecmod="2022-07-21T09:07:24" flgborrado="0" />
<Tmp cdgrupo="00011" cdtpsalida="INSEG" cdtpingreso="" fecmod="2022-07-21T09:07:24" flgborrado="0" />
<Tmp cdgrupo="00011" cdtpsalida="INSIS" cdtpingreso="" fecmod="2022-07-21T09:07:24" flgborrado="0" />
<Tmp cdgrupo="00011" cdtpsalida="INTES" cdtpingreso="" fecmod="2022-07-21T09:07:24" flgborrado="0" />
<Tmp cdgrupo="00011" cdtpsalida="INTRA" cdtpingreso="" fecmod="2022-07-21T09:07:24" flgborrado="0" />
<Tmp cdgrupo="00011" cdtpsalida="SXCMO" cdtpingreso="" fecmod="2022-07-21T09:07:24" flgborrado="0" />
<Tmp cdgrupo="00011" cdtpsalida="TRFIN" cdtpingreso="" fecmod="2022-07-21T09:07:24" flgborrado="0" />
<Tmp cdgrupo="00011" cdtpsalida="TRFLO" cdtpingreso="" fecmod="2022-07-21T09:07:24" flgborrado="0" />
<Tmp cdgrupo="00012" cdtpsalida="" cdtpingreso="CJEBP" fecmod="2009-01-13T11:51:28" flgborrado="0" />
<Tmp cdgrupo="00012" cdtpsalida="" cdtpingreso="IBFD" fecmod="2009-01-13T11:51:28" flgborrado="0" />
<Tmp cdgrupo="00012" cdtpsalida="" cdtpingreso="IGRAD" fecmod="2009-01-13T11:51:28" flgborrado="0" />
<Tmp cdgrupo="00012" cdtpsalida="" cdtpingreso="IGRCD" fecmod="2009-01-13T11:51:28" flgborrado="0" />
<Tmp cdgrupo="00012" cdtpsalida="" cdtpingreso="IGUIR" fecmod="2009-01-13T11:51:28" flgborrado="0" />
<Tmp cdgrupo="00012" cdtpsalida="" cdtpingreso="IPERR" fecmod="2009-01-13T11:51:28" flgborrado="0" />
<Tmp cdgrupo="00012" cdtpsalida="" cdtpingreso="IPINV" fecmod="2009-01-13T11:51:28" flgborrado="0" />
<Tmp cdgrupo="00012" cdtpsalida="" cdtpingreso="IXCJE" fecmod="2009-01-13T11:51:28" flgborrado="0" />
<Tmp cdgrupo="00012" cdtpsalida="" cdtpingreso="TRFIN" fecmod="2009-01-13T11:51:28" flgborrado="0" />
<Tmp cdgrupo="00012" cdtpsalida="" cdtpingreso="TRFLO" fecmod="2009-01-13T11:51:28" flgborrado="0" />
<Tmp cdgrupo="00012" cdtpsalida="DIGRA" cdtpingreso="" fecmod="2009-01-13T11:51:28" flgborrado="0" />
<Tmp cdgrupo="00012" cdtpsalida="DIGRC" cdtpingreso="" fecmod="2009-01-13T11:51:28" flgborrado="0" />
<Tmp cdgrupo="00012" cdtpsalida="SXCJE" cdtpingreso="" fecmod="2009-01-13T11:51:28" flgborrado="0" />
<Tmp cdgrupo="00012" cdtpsalida="TRFIN" cdtpingreso="" fecmod="2009-01-13T11:51:28" flgborrado="0" />
<Tmp cdgrupo="00012" cdtpsalida="TRFLO" cdtpingreso="" fecmod="2009-01-13T11:51:28" flgborrado="0" />
<Tmp cdgrupo="00015" cdtpsalida="" cdtpingreso="CARCR" fecmod="2018-07-06T11:18:07" flgborrado="0" />
<Tmp cdgrupo="00015" cdtpsalida="" cdtpingreso="CARFA" fecmod="2018-07-06T11:18:07" flgborrado="0" />
<Tmp cdgrupo="00015" cdtpsalida="" cdtpingreso="IGRAD" fecmod="2018-07-06T11:18:07" flgborrado="0" />
<Tmp cdgrupo="00015" cdtpsalida="" cdtpingreso="IGRCD" fecmod="2018-07-06T11:18:07" flgborrado="0" />
<Tmp cdgrupo="00015" cdtpsalida="" cdtpingreso="TRFLO" fecmod="2018-07-06T11:18:07" flgborrado="0" />
<Tmp cdgrupo="00015" cdtpsalida="DESCR" cdtpingreso="" fecmod="2018-07-06T11:18:07" flgborrado="0" />
<Tmp cdgrupo="00015" cdtpsalida="DESFA" cdtpingreso="" fecmod="2018-07-06T11:18:07" flgborrado="0" />
<Tmp cdgrupo="00015" cdtpsalida="RASPA" cdtpingreso="" fecmod="2018-07-06T11:18:07" flgborrado="0" />
<Tmp cdgrupo="00015" cdtpsalida="SXCMO" cdtpingreso="" fecmod="2018-07-06T11:18:07" flgborrado="0" />
<Tmp cdgrupo="00015" cdtpsalida="TRFLO" cdtpingreso="" fecmod="2018-07-06T11:18:07" flgborrado="0" />
<Tmp cdgrupo="00016" cdtpsalida="" cdtpingreso="CARCR" fecmod="2021-06-08T17:46:44" flgborrado="0" />
<Tmp cdgrupo="00016" cdtpsalida="" cdtpingreso="CARFA" fecmod="2021-06-08T17:46:44" flgborrado="0" />
<Tmp cdgrupo="00016" cdtpsalida="" cdtpingreso="CPREM" fecmod="2021-06-08T17:46:44" flgborrado="0" />
<Tmp cdgrupo="00016" cdtpsalida="" cdtpingreso="IGRAD" fecmod="2021-06-08T17:46:44" flgborrado="0" />
<Tmp cdgrupo="00016" cdtpsalida="" cdtpingreso="IGRCD" fecmod="2021-06-08T17:46:44" flgborrado="0" />
<Tmp cdgrupo="00016" cdtpsalida="" cdtpingreso="TRFLO" fecmod="2021-06-08T17:46:44" flgborrado="0" />
<Tmp cdgrupo="00016" cdtpsalida="CONSU" cdtpingreso="" fecmod="2021-06-08T17:46:44" flgborrado="0" />
<Tmp cdgrupo="00016" cdtpsalida="DEMAT" cdtpingreso="" fecmod="2021-06-08T17:46:44" flgborrado="0" />
<Tmp cdgrupo="00016" cdtpsalida="DESCR" cdtpingreso="" fecmod="2021-06-08T17:46:44" flgborrado="0" />
<Tmp cdgrupo="00016" cdtpsalida="DESFA" cdtpingreso="" fecmod="2021-06-08T17:46:44" flgborrado="0" />
<Tmp cdgrupo="00016" cdtpsalida="RASPA" cdtpingreso="" fecmod="2021-06-08T17:46:44" flgborrado="0" />
<Tmp cdgrupo="00016" cdtpsalida="TRFLO" cdtpingreso="" fecmod="2021-06-08T17:46:44" flgborrado="0" />
<Tmp cdgrupo="00017" cdtpsalida="" cdtpingreso="CARCR" fecmod="2021-06-08T17:47:01" flgborrado="0" />
<Tmp cdgrupo="00017" cdtpsalida="" cdtpingreso="CARFA" fecmod="2021-06-08T17:47:01" flgborrado="0" />
<Tmp cdgrupo="00017" cdtpsalida="" cdtpingreso="CPREM" fecmod="2021-06-08T17:47:01" flgborrado="0" />
<Tmp cdgrupo="00017" cdtpsalida="" cdtpingreso="IGRAD" fecmod="2021-06-08T17:47:01" flgborrado="0" />
<Tmp cdgrupo="00017" cdtpsalida="" cdtpingreso="IGRCD" fecmod="2021-06-08T17:47:01" flgborrado="0" />
<Tmp cdgrupo="00017" cdtpsalida="" cdtpingreso="TRFLO" fecmod="2021-06-08T17:47:01" flgborrado="0" />
<Tmp cdgrupo="00017" cdtpsalida="CONSU" cdtpingreso="" fecmod="2021-06-08T17:47:01" flgborrado="0" />
<Tmp cdgrupo="00017" cdtpsalida="DEMAT" cdtpingreso="" fecmod="2021-06-08T17:47:01" flgborrado="0" />
<Tmp cdgrupo="00017" cdtpsalida="DESCR" cdtpingreso="" fecmod="2021-06-08T17:47:01" flgborrado="0" />
<Tmp cdgrupo="00017" cdtpsalida="DESFA" cdtpingreso="" fecmod="2021-06-08T17:47:01" flgborrado="0" />
<Tmp cdgrupo="00017" cdtpsalida="RASPA" cdtpingreso="" fecmod="2021-06-08T17:47:01" flgborrado="0" />
<Tmp cdgrupo="00017" cdtpsalida="TRFLO" cdtpingreso="" fecmod="2021-06-08T17:47:01" flgborrado="0" />
<Tmp cdgrupo="00020" cdtpsalida="" cdtpingreso="CAJUS" fecmod="2021-11-08T17:59:48" flgborrado="0" />
<Tmp cdgrupo="00020" cdtpsalida="" cdtpingreso="CARCR" fecmod="2021-11-08T17:59:48" flgborrado="0" />
<Tmp cdgrupo="00020" cdtpsalida="" cdtpingreso="CARFA" fecmod="2021-11-08T17:59:48" flgborrado="0" />
<Tmp cdgrupo="00020" cdtpsalida="" cdtpingreso="INGVA" fecmod="2021-11-08T17:59:48" flgborrado="0" />
<Tmp cdgrupo="00020" cdtpsalida="" cdtpingreso="TRFIN" fecmod="2021-11-08T17:59:48" flgborrado="0" />
<Tmp cdgrupo="00020" cdtpsalida="CONSU" cdtpingreso="" fecmod="2021-11-08T17:59:48" flgborrado="0" />
<Tmp cdgrupo="00020" cdtpsalida="DAJUS" cdtpingreso="" fecmod="2021-11-08T17:59:48" flgborrado="0" />
<Tmp cdgrupo="00020" cdtpsalida="DEMAT" cdtpingreso="" fecmod="2021-11-08T17:59:48" flgborrado="0" />
<Tmp cdgrupo="00020" cdtpsalida="DESCR" cdtpingreso="" fecmod="2021-11-08T17:59:48" flgborrado="0" />
<Tmp cdgrupo="00020" cdtpsalida="DESFA" cdtpingreso="" fecmod="2021-11-08T17:59:48" flgborrado="0" />
<Tmp cdgrupo="00020" cdtpsalida="SALVA" cdtpingreso="" fecmod="2021-11-08T17:59:48" flgborrado="0" />
<Tmp cdgrupo="00020" cdtpsalida="TRFIN" cdtpingreso="" fecmod="2021-11-08T17:59:48" flgborrado="0" />
<Tmp cdgrupo="00020" cdtpsalida="TRFLO" cdtpingreso="" fecmod="2021-11-08T17:59:48" flgborrado="0" />
<Tmp cdgrupo="00024" cdtpsalida="" cdtpingreso="INGVA" fecmod="2021-11-08T18:01:08" flgborrado="0" />
<Tmp cdgrupo="00024" cdtpsalida="SALVA" cdtpingreso="" fecmod="2021-11-08T18:01:08" flgborrado="0" />
<Tmp cdgrupo="00025" cdtpsalida="DPFF" cdtpingreso="" fecmod="2010-11-29T11:39:56" flgborrado="0" />
<Tmp cdgrupo="00026" cdtpsalida="" cdtpingreso="CARCR" fecmod="2021-06-17T09:21:11" flgborrado="0" />
<Tmp cdgrupo="00026" cdtpsalida="" cdtpingreso="CARFA" fecmod="2021-06-17T09:21:11" flgborrado="0" />
<Tmp cdgrupo="00026" cdtpsalida="" cdtpingreso="CJEBP" fecmod="2021-06-17T09:21:11" flgborrado="0" />
<Tmp cdgrupo="00026" cdtpsalida="" cdtpingreso="IGUIR" fecmod="2021-06-17T09:21:11" flgborrado="0" />
<Tmp cdgrupo="00026" cdtpsalida="" cdtpingreso="TRFIN" fecmod="2021-06-17T09:21:11" flgborrado="0" />
<Tmp cdgrupo="00026" cdtpsalida="" cdtpingreso="TRFLO" fecmod="2021-06-17T09:21:11" flgborrado="0" />
<Tmp cdgrupo="00026" cdtpsalida="DESCR" cdtpingreso="" fecmod="2021-06-17T09:21:11" flgborrado="0" />
<Tmp cdgrupo="00026" cdtpsalida="DESFA" cdtpingreso="" fecmod="2021-06-17T09:21:11" flgborrado="0" />
<Tmp cdgrupo="00026" cdtpsalida="DESRO" cdtpingreso="" fecmod="2021-06-17T09:21:11" flgborrado="0" />
<Tmp cdgrupo="00026" cdtpsalida="INAG" cdtpingreso="" fecmod="2021-06-17T09:21:11" flgborrado="0" />
<Tmp cdgrupo="00026" cdtpsalida="INALA" cdtpingreso="" fecmod="2021-06-17T09:21:11" flgborrado="0" />
<Tmp cdgrupo="00026" cdtpsalida="INALM" cdtpingreso="" fecmod="2021-06-17T09:21:11" flgborrado="0" />
<Tmp cdgrupo="00026" cdtpsalida="INAUD" cdtpingreso="" fecmod="2021-06-17T09:21:11" flgborrado="0" />
<Tmp cdgrupo="00026" cdtpsalida="INCAN" cdtpingreso="" fecmod="2021-06-17T09:21:11" flgborrado="0" />
<Tmp cdgrupo="00026" cdtpsalida="INCOB" cdtpingreso="" fecmod="2021-06-17T09:21:11" flgborrado="0" />
<Tmp cdgrupo="00026" cdtpsalida="INCOL" cdtpingreso="" fecmod="2021-06-17T09:21:11" flgborrado="0" />
<Tmp cdgrupo="00026" cdtpsalida="INCOM" cdtpingreso="" fecmod="2021-06-17T09:21:11" flgborrado="0" />
<Tmp cdgrupo="00026" cdtpsalida="INCON" cdtpingreso="" fecmod="2021-06-17T09:21:11" flgborrado="0" />
<Tmp cdgrupo="00026" cdtpsalida="INCOS" cdtpingreso="" fecmod="2021-06-17T09:21:11" flgborrado="0" />
<Tmp cdgrupo="00026" cdtpsalida="INDIS" cdtpingreso="" fecmod="2021-06-17T09:21:11" flgborrado="0" />
<Tmp cdgrupo="00026" cdtpsalida="INGEA" cdtpingreso="" fecmod="2021-06-17T09:21:11" flgborrado="0" />
<Tmp cdgrupo="00026" cdtpsalida="INGEF" cdtpingreso="" fecmod="2021-06-17T09:21:11" flgborrado="0" />
<Tmp cdgrupo="00026" cdtpsalida="INGER" cdtpingreso="" fecmod="2021-06-17T09:21:11" flgborrado="0" />
<Tmp cdgrupo="00026" cdtpsalida="INLEG" cdtpingreso="" fecmod="2021-06-17T09:21:11" flgborrado="0" />
<Tmp cdgrupo="00026" cdtpsalida="INLIM" cdtpingreso="" fecmod="2021-06-17T09:21:11" flgborrado="0" />
<Tmp cdgrupo="00026" cdtpsalida="INMAN" cdtpingreso="" fecmod="2021-06-17T09:21:11" flgborrado="0" />
<Tmp cdgrupo="00026" cdtpsalida="INMEC" cdtpingreso="" fecmod="2021-06-17T09:21:11" flgborrado="0" />
<Tmp cdgrupo="00026" cdtpsalida="INMKT" cdtpingreso="" fecmod="2021-06-17T09:21:11" flgborrado="0" />
<Tmp cdgrupo="00026" cdtpsalida="INOPE" cdtpingreso="" fecmod="2021-06-17T09:21:11" flgborrado="0" />
<Tmp cdgrupo="00026" cdtpsalida="INOPV" cdtpingreso="" fecmod="2021-06-17T09:21:11" flgborrado="0" />
<Tmp cdgrupo="00026" cdtpsalida="INPLA" cdtpingreso="" fecmod="2021-06-17T09:21:11" flgborrado="0" />
<Tmp cdgrupo="00026" cdtpsalida="INPRO" cdtpingreso="" fecmod="2021-06-17T09:21:11" flgborrado="0" />
<Tmp cdgrupo="00026" cdtpsalida="INREC" cdtpingreso="" fecmod="2021-06-17T09:21:11" flgborrado="0" />
<Tmp cdgrupo="00026" cdtpsalida="INRH" cdtpingreso="" fecmod="2021-06-17T09:21:11" flgborrado="0" />
<Tmp cdgrupo="00026" cdtpsalida="INSEC" cdtpingreso="" fecmod="2021-06-17T09:21:11" flgborrado="0" />
<Tmp cdgrupo="00026" cdtpsalida="INSEG" cdtpingreso="" fecmod="2021-06-17T09:21:11" flgborrado="0" />
<Tmp cdgrupo="00026" cdtpsalida="INSIS" cdtpingreso="" fecmod="2021-06-17T09:21:11" flgborrado="0" />
<Tmp cdgrupo="00026" cdtpsalida="INTES" cdtpingreso="" fecmod="2021-06-17T09:21:11" flgborrado="0" />
<Tmp cdgrupo="00026" cdtpsalida="INTRA" cdtpingreso="" fecmod="2021-06-17T09:21:11" flgborrado="0" />
<Tmp cdgrupo="00026" cdtpsalida="SXCJE" cdtpingreso="" fecmod="2021-06-17T09:21:11" flgborrado="0" />
<Tmp cdgrupo="00026" cdtpsalida="TRFIN" cdtpingreso="" fecmod="2021-06-17T09:21:11" flgborrado="0" />
<Tmp cdgrupo="00026" cdtpsalida="TRFLO" cdtpingreso="" fecmod="2021-06-17T09:21:11" flgborrado="0" />
<Tmp cdgrupo="00027" cdtpsalida="" cdtpingreso="TIR" fecmod="2010-11-22T14:44:58" flgborrado="0" />
<Tmp cdgrupo="00027" cdtpsalida="" cdtpingreso="TRFIN" fecmod="2010-11-22T14:44:58" flgborrado="0" />
<Tmp cdgrupo="00027" cdtpsalida="TIR" cdtpingreso="" fecmod="2010-11-22T14:44:58" flgborrado="0" />
<Tmp cdgrupo="00027" cdtpsalida="TRFIN" cdtpingreso="" fecmod="2010-11-22T14:44:58" flgborrado="0" />
<Tmp cdgrupo="00028" cdtpsalida="" cdtpingreso="CARCR" fecmod="2009-10-29T09:52:47" flgborrado="0" />
<Tmp cdgrupo="00028" cdtpsalida="" cdtpingreso="CARFA" fecmod="2009-10-29T09:52:47" flgborrado="0" />
<Tmp cdgrupo="00028" cdtpsalida="" cdtpingreso="CRECO" fecmod="2009-10-29T09:52:47" flgborrado="0" />
<Tmp cdgrupo="00028" cdtpsalida="" cdtpingreso="CTRAS" fecmod="2009-10-29T09:52:47" flgborrado="0" />
<Tmp cdgrupo="00028" cdtpsalida="" cdtpingreso="ICMAN" fecmod="2009-10-29T09:52:47" flgborrado="0" />
<Tmp cdgrupo="00028" cdtpsalida="" cdtpingreso="IPERR" fecmod="2009-10-29T09:52:47" flgborrado="0" />
<Tmp cdgrupo="00028" cdtpsalida="" cdtpingreso="TRFIN" fecmod="2009-10-29T09:52:47" flgborrado="0" />
<Tmp cdgrupo="00028" cdtpsalida="" cdtpingreso="TRFLO" fecmod="2009-10-29T09:52:47" flgborrado="0" />
<Tmp cdgrupo="00028" cdtpsalida="DESCR" cdtpingreso="" fecmod="2009-10-29T09:52:47" flgborrado="0" />
<Tmp cdgrupo="00028" cdtpsalida="DESFA" cdtpingreso="" fecmod="2009-10-29T09:52:47" flgborrado="0" />
<Tmp cdgrupo="00028" cdtpsalida="DRECO" cdtpingreso="" fecmod="2009-10-29T09:52:47" flgborrado="0" />
<Tmp cdgrupo="00028" cdtpsalida="DTRAS" cdtpingreso="" fecmod="2009-10-29T09:52:47" flgborrado="0" />
<Tmp cdgrupo="00028" cdtpsalida="SCMAN" cdtpingreso="" fecmod="2009-10-29T09:52:47" flgborrado="0" />
<Tmp cdgrupo="00028" cdtpsalida="SDEVP" cdtpingreso="" fecmod="2009-10-29T09:52:47" flgborrado="0" />
<Tmp cdgrupo="00028" cdtpsalida="SXCJE" cdtpingreso="" fecmod="2009-10-29T09:52:47" flgborrado="0" />
<Tmp cdgrupo="00028" cdtpsalida="SXCMO" cdtpingreso="" fecmod="2009-10-29T09:52:47" flgborrado="0" />
<Tmp cdgrupo="00028" cdtpsalida="SXERR" cdtpingreso="" fecmod="2009-10-29T09:52:47" flgborrado="0" />
<Tmp cdgrupo="00028" cdtpsalida="TRFIN" cdtpingreso="" fecmod="2009-10-29T09:52:47" flgborrado="0" />
<Tmp cdgrupo="00028" cdtpsalida="TRFLO" cdtpingreso="" fecmod="2009-10-29T09:52:47" flgborrado="0" />
<Tmp cdgrupo="00036" cdtpsalida="" cdtpingreso="CARCR" fecmod="2022-02-24T14:13:29" flgborrado="0" />
<Tmp cdgrupo="00036" cdtpsalida="" cdtpingreso="CARFA" fecmod="2022-02-24T14:13:29" flgborrado="0" />
<Tmp cdgrupo="00036" cdtpsalida="" cdtpingreso="TRFLO" fecmod="2022-02-24T14:13:29" flgborrado="0" />
<Tmp cdgrupo="00036" cdtpsalida="DESCR" cdtpingreso="" fecmod="2022-02-24T14:13:29" flgborrado="0" />
<Tmp cdgrupo="00036" cdtpsalida="DESFA" cdtpingreso="" fecmod="2022-02-24T14:13:29" flgborrado="0" />
<Tmp cdgrupo="00036" cdtpsalida="TRFLO" cdtpingreso="" fecmod="2022-02-24T14:13:29" flgborrado="0" />
<Tmp cdgrupo="00037" cdtpsalida="" cdtpingreso="CARCR" fecmod="2013-08-14T19:24:05" flgborrado="0" />
<Tmp cdgrupo="00037" cdtpsalida="" cdtpingreso="CARFA" fecmod="2013-08-14T19:24:05" flgborrado="0" />
<Tmp cdgrupo="00037" cdtpsalida="" cdtpingreso="CTRAS" fecmod="2013-08-14T19:24:05" flgborrado="0" />
<Tmp cdgrupo="00037" cdtpsalida="" cdtpingreso="IGRAD" fecmod="2013-08-14T19:24:05" flgborrado="0" />
<Tmp cdgrupo="00037" cdtpsalida="" cdtpingreso="IGRCD" fecmod="2013-08-14T19:24:05" flgborrado="0" />
<Tmp cdgrupo="00037" cdtpsalida="" cdtpingreso="IPERR" fecmod="2013-08-14T19:24:05" flgborrado="0" />
<Tmp cdgrupo="00037" cdtpsalida="" cdtpingreso="TRFLO" fecmod="2013-08-14T19:24:05" flgborrado="0" />
<Tmp cdgrupo="00037" cdtpsalida="DESCR" cdtpingreso="" fecmod="2013-08-14T19:24:05" flgborrado="0" />
<Tmp cdgrupo="00037" cdtpsalida="DESFA" cdtpingreso="" fecmod="2013-08-14T19:24:05" flgborrado="0" />
<Tmp cdgrupo="00037" cdtpsalida="DIGRA" cdtpingreso="" fecmod="2013-08-14T19:24:05" flgborrado="0" />
<Tmp cdgrupo="00037" cdtpsalida="DIGRC" cdtpingreso="" fecmod="2013-08-14T19:24:05" flgborrado="0" />
<Tmp cdgrupo="00037" cdtpsalida="DTRAS" cdtpingreso="" fecmod="2013-08-14T19:24:05" flgborrado="0" />
<Tmp cdgrupo="00037" cdtpsalida="INAG" cdtpingreso="" fecmod="2013-08-14T19:24:05" flgborrado="0" />
<Tmp cdgrupo="00037" cdtpsalida="INALA" cdtpingreso="" fecmod="2013-08-14T19:24:05" flgborrado="0" />
<Tmp cdgrupo="00037" cdtpsalida="INALM" cdtpingreso="" fecmod="2013-08-14T19:24:05" flgborrado="0" />
<Tmp cdgrupo="00037" cdtpsalida="INAUD" cdtpingreso="" fecmod="2013-08-14T19:24:05" flgborrado="0" />
<Tmp cdgrupo="00037" cdtpsalida="INCAN" cdtpingreso="" fecmod="2013-08-14T19:24:05" flgborrado="0" />
<Tmp cdgrupo="00037" cdtpsalida="INCOB" cdtpingreso="" fecmod="2013-08-14T19:24:05" flgborrado="0" />
<Tmp cdgrupo="00037" cdtpsalida="INCOL" cdtpingreso="" fecmod="2013-08-14T19:24:05" flgborrado="0" />
<Tmp cdgrupo="00037" cdtpsalida="INCOM" cdtpingreso="" fecmod="2013-08-14T19:24:05" flgborrado="0" />
<Tmp cdgrupo="00037" cdtpsalida="INCON" cdtpingreso="" fecmod="2013-08-14T19:24:05" flgborrado="0" />
<Tmp cdgrupo="00037" cdtpsalida="INCOS" cdtpingreso="" fecmod="2013-08-14T19:24:05" flgborrado="0" />
<Tmp cdgrupo="00037" cdtpsalida="INDIS" cdtpingreso="" fecmod="2013-08-14T19:24:05" flgborrado="0" />
<Tmp cdgrupo="00037" cdtpsalida="INGEA" cdtpingreso="" fecmod="2013-08-14T19:24:05" flgborrado="0" />
<Tmp cdgrupo="00037" cdtpsalida="INGEF" cdtpingreso="" fecmod="2013-08-14T19:24:05" flgborrado="0" />
<Tmp cdgrupo="00037" cdtpsalida="INGER" cdtpingreso="" fecmod="2013-08-14T19:24:05" flgborrado="0" />
<Tmp cdgrupo="00037" cdtpsalida="INLEG" cdtpingreso="" fecmod="2013-08-14T19:24:05" flgborrado="0" />
<Tmp cdgrupo="00037" cdtpsalida="INLIM" cdtpingreso="" fecmod="2013-08-14T19:24:05" flgborrado="0" />
<Tmp cdgrupo="00037" cdtpsalida="INMAN" cdtpingreso="" fecmod="2013-08-14T19:24:05" flgborrado="0" />
<Tmp cdgrupo="00037" cdtpsalida="INMEC" cdtpingreso="" fecmod="2013-08-14T19:24:05" flgborrado="0" />
<Tmp cdgrupo="00037" cdtpsalida="INMKT" cdtpingreso="" fecmod="2013-08-14T19:24:05" flgborrado="0" />
<Tmp cdgrupo="00037" cdtpsalida="INOPE" cdtpingreso="" fecmod="2013-08-14T19:24:05" flgborrado="0" />
<Tmp cdgrupo="00037" cdtpsalida="INOPV" cdtpingreso="" fecmod="2013-08-14T19:24:05" flgborrado="0" />
<Tmp cdgrupo="00037" cdtpsalida="INPLA" cdtpingreso="" fecmod="2013-08-14T19:24:05" flgborrado="0" />
<Tmp cdgrupo="00037" cdtpsalida="INPRO" cdtpingreso="" fecmod="2013-08-14T19:24:05" flgborrado="0" />
<Tmp cdgrupo="00037" cdtpsalida="INREC" cdtpingreso="" fecmod="2013-08-14T19:24:05" flgborrado="0" />
<Tmp cdgrupo="00037" cdtpsalida="INRH" cdtpingreso="" fecmod="2013-08-14T19:24:05" flgborrado="0" />
<Tmp cdgrupo="00037" cdtpsalida="INSEC" cdtpingreso="" fecmod="2013-08-14T19:24:05" flgborrado="0" />
<Tmp cdgrupo="00037" cdtpsalida="INSEG" cdtpingreso="" fecmod="2013-08-14T19:24:05" flgborrado="0" />
<Tmp cdgrupo="00037" cdtpsalida="INSIS" cdtpingreso="" fecmod="2013-08-14T19:24:05" flgborrado="0" />
<Tmp cdgrupo="00037" cdtpsalida="INTES" cdtpingreso="" fecmod="2013-08-14T19:24:05" flgborrado="0" />
<Tmp cdgrupo="00037" cdtpsalida="INTRA" cdtpingreso="" fecmod="2013-08-14T19:24:05" flgborrado="0" />
<Tmp cdgrupo="00037" cdtpsalida="SXCMO" cdtpingreso="" fecmod="2013-08-14T19:24:05" flgborrado="0" />
<Tmp cdgrupo="00037" cdtpsalida="TRFLO" cdtpingreso="" fecmod="2013-08-14T19:24:05" flgborrado="0" />
<Tmp cdgrupo="00042" cdtpsalida="" cdtpingreso="ICMAN" fecmod="2016-09-08T17:00:35" flgborrado="0" />
<Tmp cdgrupo="00042" cdtpsalida="" cdtpingreso="ICPEN" fecmod="2016-09-08T17:00:35" flgborrado="0" />
<Tmp cdgrupo="00042" cdtpsalida="" cdtpingreso="INGDC" fecmod="2016-09-08T17:00:35" flgborrado="0" />
<Tmp cdgrupo="00042" cdtpsalida="" cdtpingreso="IXCJE" fecmod="2016-09-08T17:00:35" flgborrado="0" />
<Tmp cdgrupo="00042" cdtpsalida="" cdtpingreso="TIR" fecmod="2016-09-08T17:00:35" flgborrado="0" />
<Tmp cdgrupo="00042" cdtpsalida="" cdtpingreso="TRFLO" fecmod="2016-09-08T17:00:35" flgborrado="0" />
<Tmp cdgrupo="00042" cdtpsalida="DPFF" cdtpingreso="" fecmod="2016-09-08T17:00:35" flgborrado="0" />
<Tmp cdgrupo="00042" cdtpsalida="SALDC" cdtpingreso="" fecmod="2016-09-08T17:00:35" flgborrado="0" />
<Tmp cdgrupo="00042" cdtpsalida="SDEVP" cdtpingreso="" fecmod="2016-09-08T17:00:35" flgborrado="0" />
<Tmp cdgrupo="00042" cdtpsalida="SXCJE" cdtpingreso="" fecmod="2016-09-08T17:00:35" flgborrado="0" />
<Tmp cdgrupo="00042" cdtpsalida="TIR" cdtpingreso="" fecmod="2016-09-08T17:00:35" flgborrado="0" />
<Tmp cdgrupo="00042" cdtpsalida="TRFIN" cdtpingreso="" fecmod="2016-09-08T17:00:35" flgborrado="0" />
<Tmp cdgrupo="00042" cdtpsalida="TRFLO" cdtpingreso="" fecmod="2016-09-08T17:00:35" flgborrado="0" />
<Tmp cdgrupo="00043" cdtpsalida="" cdtpingreso="CARCR" fecmod="2017-04-26T08:56:03" flgborrado="0" />
<Tmp cdgrupo="00043" cdtpsalida="" cdtpingreso="CARFA" fecmod="2017-04-26T08:56:03" flgborrado="0" />
<Tmp cdgrupo="00043" cdtpsalida="" cdtpingreso="TRFIN" fecmod="2017-04-26T08:56:03" flgborrado="0" />
<Tmp cdgrupo="00043" cdtpsalida="" cdtpingreso="TRFLO" fecmod="2017-04-26T08:56:03" flgborrado="0" />
<Tmp cdgrupo="00043" cdtpsalida="DESCR" cdtpingreso="" fecmod="2017-04-26T08:56:03" flgborrado="0" />
<Tmp cdgrupo="00043" cdtpsalida="DESFA" cdtpingreso="" fecmod="2017-04-26T08:56:03" flgborrado="0" />
<Tmp cdgrupo="00043" cdtpsalida="TRFIN" cdtpingreso="" fecmod="2017-04-26T08:56:03" flgborrado="0" />
<Tmp cdgrupo="00043" cdtpsalida="TRFLO" cdtpingreso="" fecmod="2017-04-26T08:56:03" flgborrado="0" />
<Tmp cdgrupo="00048" cdtpsalida="" cdtpingreso="TRFLO" fecmod="2021-04-19T12:23:47" flgborrado="0" />
<Tmp cdgrupo="00048" cdtpsalida="TRFLO" cdtpingreso="" fecmod="2021-04-19T12:23:47" flgborrado="0" />
<Tmp cdgrupo="00052" cdtpsalida="" cdtpingreso="AJINV" fecmod="2021-06-08T12:01:51" flgborrado="0" />
<Tmp cdgrupo="00052" cdtpsalida="" cdtpingreso="AJXIS" fecmod="2021-06-08T12:01:51" flgborrado="0" />
<Tmp cdgrupo="00052" cdtpsalida="" cdtpingreso="AYUDA" fecmod="2021-06-08T12:01:51" flgborrado="0" />
<Tmp cdgrupo="00052" cdtpsalida="" cdtpingreso="C1" fecmod="2021-06-08T12:01:51" flgborrado="0" />
<Tmp cdgrupo="00052" cdtpsalida="" cdtpingreso="CAJUS" fecmod="2021-06-08T12:01:51" flgborrado="0" />
<Tmp cdgrupo="00052" cdtpsalida="" cdtpingreso="CARCR" fecmod="2021-06-08T12:01:51" flgborrado="0" />
<Tmp cdgrupo="00052" cdtpsalida="" cdtpingreso="CARFA" fecmod="2021-06-08T12:01:51" flgborrado="0" />
<Tmp cdgrupo="00052" cdtpsalida="" cdtpingreso="CINOV" fecmod="2021-06-08T12:01:51" flgborrado="0" />
<Tmp cdgrupo="00052" cdtpsalida="" cdtpingreso="CJEBP" fecmod="2021-06-08T12:01:51" flgborrado="0" />
<Tmp cdgrupo="00052" cdtpsalida="" cdtpingreso="CNCTI" fecmod="2021-06-08T12:01:51" flgborrado="0" />
<Tmp cdgrupo="00052" cdtpsalida="" cdtpingreso="CPREM" fecmod="2021-06-08T12:01:51" flgborrado="0" />
<Tmp cdgrupo="00052" cdtpsalida="" cdtpingreso="CRECO" fecmod="2021-06-08T12:01:51" flgborrado="0" />
<Tmp cdgrupo="00052" cdtpsalida="" cdtpingreso="CTRAS" fecmod="2021-06-08T12:01:51" flgborrado="0" />
<Tmp cdgrupo="00052" cdtpsalida="" cdtpingreso="DELIV" fecmod="2021-06-08T12:01:51" flgborrado="0" />
<Tmp cdgrupo="00052" cdtpsalida="" cdtpingreso="IBFD" fecmod="2021-06-08T12:01:51" flgborrado="0" />
<Tmp cdgrupo="00052" cdtpsalida="" cdtpingreso="ICMAN" fecmod="2021-06-08T12:01:51" flgborrado="0" />
<Tmp cdgrupo="00052" cdtpsalida="" cdtpingreso="ICPEN" fecmod="2021-06-08T12:01:51" flgborrado="0" />
<Tmp cdgrupo="00052" cdtpsalida="" cdtpingreso="IGRAD" fecmod="2021-06-08T12:01:51" flgborrado="0" />
<Tmp cdgrupo="00052" cdtpsalida="" cdtpingreso="IGRCD" fecmod="2021-06-08T12:01:51" flgborrado="0" />
<Tmp cdgrupo="00052" cdtpsalida="" cdtpingreso="IGUIR" fecmod="2021-06-08T12:01:51" flgborrado="0" />
<Tmp cdgrupo="00052" cdtpsalida="" cdtpingreso="INGDC" fecmod="2021-06-08T12:01:51" flgborrado="0" />
<Tmp cdgrupo="00052" cdtpsalida="" cdtpingreso="IPERR" fecmod="2021-06-08T12:01:51" flgborrado="0" />
<Tmp cdgrupo="00052" cdtpsalida="" cdtpingreso="IPINV" fecmod="2021-06-08T12:01:51" flgborrado="0" />
<Tmp cdgrupo="00052" cdtpsalida="" cdtpingreso="IRCOM" fecmod="2021-06-08T12:01:51" flgborrado="0" />
<Tmp cdgrupo="00052" cdtpsalida="" cdtpingreso="ITRFM" fecmod="2021-06-08T12:01:51" flgborrado="0" />
<Tmp cdgrupo="00052" cdtpsalida="" cdtpingreso="IXCJE" fecmod="2021-06-08T12:01:51" flgborrado="0" />
<Tmp cdgrupo="00052" cdtpsalida="" cdtpingreso="IXFST" fecmod="2021-06-08T12:01:51" flgborrado="0" />
<Tmp cdgrupo="00052" cdtpsalida="" cdtpingreso="IxRD" fecmod="2021-06-08T12:01:51" flgborrado="0" />
<Tmp cdgrupo="00052" cdtpsalida="" cdtpingreso="PT_IN" fecmod="2021-06-08T12:01:51" flgborrado="0" />
<Tmp cdgrupo="00052" cdtpsalida="" cdtpingreso="TIR" fecmod="2021-06-08T12:01:51" flgborrado="0" />
<Tmp cdgrupo="00052" cdtpsalida="" cdtpingreso="TRFIN" fecmod="2021-06-08T12:01:51" flgborrado="0" />
<Tmp cdgrupo="00052" cdtpsalida="" cdtpingreso="TRFLO" fecmod="2021-06-08T12:01:51" flgborrado="0" />
<Tmp cdgrupo="00052" cdtpsalida="AJINV" cdtpingreso="" fecmod="2021-06-08T12:01:51" flgborrado="0" />
<Tmp cdgrupo="00052" cdtpsalida="AJXSF" cdtpingreso="" fecmod="2021-06-08T12:01:51" flgborrado="0" />
<Tmp cdgrupo="00052" cdtpsalida="CONSU" cdtpingreso="" fecmod="2021-06-08T12:01:51" flgborrado="0" />
<Tmp cdgrupo="00052" cdtpsalida="CPESP" cdtpingreso="" fecmod="2021-06-08T12:01:51" flgborrado="0" />
<Tmp cdgrupo="00052" cdtpsalida="DAJUS" cdtpingreso="" fecmod="2021-06-08T12:01:51" flgborrado="0" />
<Tmp cdgrupo="00052" cdtpsalida="DCOST" cdtpingreso="" fecmod="2021-06-08T12:01:51" flgborrado="0" />
<Tmp cdgrupo="00052" cdtpsalida="DELIV" cdtpingreso="" fecmod="2021-06-08T12:01:51" flgborrado="0" />
<Tmp cdgrupo="00052" cdtpsalida="DESCR" cdtpingreso="" fecmod="2021-06-08T12:01:51" flgborrado="0" />
<Tmp cdgrupo="00052" cdtpsalida="DESFA" cdtpingreso="" fecmod="2021-06-08T12:01:51" flgborrado="0" />
<Tmp cdgrupo="00052" cdtpsalida="DESRO" cdtpingreso="" fecmod="2021-06-08T12:01:51" flgborrado="0" />
<Tmp cdgrupo="00052" cdtpsalida="DFA" cdtpingreso="" fecmod="2021-06-08T12:01:51" flgborrado="0" />
<Tmp cdgrupo="00052" cdtpsalida="DFMAN" cdtpingreso="" fecmod="2021-06-08T12:01:51" flgborrado="0" />
<Tmp cdgrupo="00052" cdtpsalida="DIGRA" cdtpingreso="" fecmod="2021-06-08T12:01:51" flgborrado="0" />
<Tmp cdgrupo="00052" cdtpsalida="DIGRC" cdtpingreso="" fecmod="2021-06-08T12:01:51" flgborrado="0" />
<Tmp cdgrupo="00052" cdtpsalida="DINOV" cdtpingreso="" fecmod="2021-06-08T12:01:51" flgborrado="0" />
<Tmp cdgrupo="00052" cdtpsalida="DPFF" cdtpingreso="" fecmod="2021-06-08T12:01:51" flgborrado="0" />
<Tmp cdgrupo="00052" cdtpsalida="DRECO" cdtpingreso="" fecmod="2021-06-08T12:01:51" flgborrado="0" />
<Tmp cdgrupo="00052" cdtpsalida="DTRAN" cdtpingreso="" fecmod="2021-06-08T12:01:51" flgborrado="0" />
<Tmp cdgrupo="00052" cdtpsalida="DTRAS" cdtpingreso="" fecmod="2021-06-08T12:01:51" flgborrado="0" />
<Tmp cdgrupo="00052" cdtpsalida="DX" cdtpingreso="" fecmod="2021-06-08T12:01:51" flgborrado="0" />
<Tmp cdgrupo="00052" cdtpsalida="DxRD" cdtpingreso="" fecmod="2021-06-08T12:01:51" flgborrado="0" />
<Tmp cdgrupo="00052" cdtpsalida="INAG" cdtpingreso="" fecmod="2021-06-08T12:01:51" flgborrado="0" />
<Tmp cdgrupo="00052" cdtpsalida="INALA" cdtpingreso="" fecmod="2021-06-08T12:01:51" flgborrado="0" />
<Tmp cdgrupo="00052" cdtpsalida="INALM" cdtpingreso="" fecmod="2021-06-08T12:01:51" flgborrado="0" />
<Tmp cdgrupo="00052" cdtpsalida="INAUD" cdtpingreso="" fecmod="2021-06-08T12:01:51" flgborrado="0" />
<Tmp cdgrupo="00052" cdtpsalida="INCAN" cdtpingreso="" fecmod="2021-06-08T12:01:51" flgborrado="0" />
<Tmp cdgrupo="00052" cdtpsalida="INCOB" cdtpingreso="" fecmod="2021-06-08T12:01:51" flgborrado="0" />
<Tmp cdgrupo="00052" cdtpsalida="INCOL" cdtpingreso="" fecmod="2021-06-08T12:01:51" flgborrado="0" />
<Tmp cdgrupo="00052" cdtpsalida="INCOM" cdtpingreso="" fecmod="2021-06-08T12:01:51" flgborrado="0" />
<Tmp cdgrupo="00052" cdtpsalida="INCON" cdtpingreso="" fecmod="2021-06-08T12:01:51" flgborrado="0" />
<Tmp cdgrupo="00052" cdtpsalida="INCOS" cdtpingreso="" fecmod="2021-06-08T12:01:51" flgborrado="0" />
<Tmp cdgrupo="00052" cdtpsalida="INDIS" cdtpingreso="" fecmod="2021-06-08T12:01:51" flgborrado="0" />
<Tmp cdgrupo="00052" cdtpsalida="INGEA" cdtpingreso="" fecmod="2021-06-08T12:01:51" flgborrado="0" />
<Tmp cdgrupo="00052" cdtpsalida="INGEF" cdtpingreso="" fecmod="2021-06-08T12:01:51" flgborrado="0" />
<Tmp cdgrupo="00052" cdtpsalida="INGER" cdtpingreso="" fecmod="2021-06-08T12:01:51" flgborrado="0" />
<Tmp cdgrupo="00052" cdtpsalida="INLEG" cdtpingreso="" fecmod="2021-06-08T12:01:51" flgborrado="0" />
<Tmp cdgrupo="00052" cdtpsalida="INLIM" cdtpingreso="" fecmod="2021-06-08T12:01:51" flgborrado="0" />
<Tmp cdgrupo="00052" cdtpsalida="INMAN" cdtpingreso="" fecmod="2021-06-08T12:01:51" flgborrado="0" />
<Tmp cdgrupo="00052" cdtpsalida="INMEC" cdtpingreso="" fecmod="2021-06-08T12:01:51" flgborrado="0" />
<Tmp cdgrupo="00052" cdtpsalida="INMKT" cdtpingreso="" fecmod="2021-06-08T12:01:51" flgborrado="0" />
<Tmp cdgrupo="00052" cdtpsalida="INOPE" cdtpingreso="" fecmod="2021-06-08T12:01:51" flgborrado="0" />
<Tmp cdgrupo="00052" cdtpsalida="INOPV" cdtpingreso="" fecmod="2021-06-08T12:01:51" flgborrado="0" />
<Tmp cdgrupo="00052" cdtpsalida="INPLA" cdtpingreso="" fecmod="2021-06-08T12:01:51" flgborrado="0" />
<Tmp cdgrupo="00052" cdtpsalida="INPRO" cdtpingreso="" fecmod="2021-06-08T12:01:51" flgborrado="0" />
<Tmp cdgrupo="00052" cdtpsalida="INREC" cdtpingreso="" fecmod="2021-06-08T12:01:51" flgborrado="0" />
<Tmp cdgrupo="00052" cdtpsalida="INRH" cdtpingreso="" fecmod="2021-06-08T12:01:51" flgborrado="0" />
<Tmp cdgrupo="00052" cdtpsalida="INSEC" cdtpingreso="" fecmod="2021-06-08T12:01:51" flgborrado="0" />
<Tmp cdgrupo="00052" cdtpsalida="INSEG" cdtpingreso="" fecmod="2021-06-08T12:01:51" flgborrado="0" />
<Tmp cdgrupo="00052" cdtpsalida="INSIS" cdtpingreso="" fecmod="2021-06-08T12:01:51" flgborrado="0" />
<Tmp cdgrupo="00052" cdtpsalida="INTES" cdtpingreso="" fecmod="2021-06-08T12:01:51" flgborrado="0" />
<Tmp cdgrupo="00052" cdtpsalida="INTRA" cdtpingreso="" fecmod="2021-06-08T12:01:51" flgborrado="0" />
<Tmp cdgrupo="00052" cdtpsalida="PR_IN" cdtpingreso="" fecmod="2021-06-08T12:01:51" flgborrado="0" />
<Tmp cdgrupo="00052" cdtpsalida="RASPA" cdtpingreso="" fecmod="2021-06-08T12:01:51" flgborrado="0" />
<Tmp cdgrupo="00052" cdtpsalida="SALDC" cdtpingreso="" fecmod="2021-06-08T12:01:51" flgborrado="0" />
<Tmp cdgrupo="00052" cdtpsalida="SCMAN" cdtpingreso="" fecmod="2021-06-08T12:01:51" flgborrado="0" />
<Tmp cdgrupo="00052" cdtpsalida="SDCON" cdtpingreso="" fecmod="2021-06-08T12:01:51" flgborrado="0" />
<Tmp cdgrupo="00052" cdtpsalida="SDEVP" cdtpingreso="" fecmod="2021-06-08T12:01:51" flgborrado="0" />
<Tmp cdgrupo="00052" cdtpsalida="SRCOM" cdtpingreso="" fecmod="2021-06-08T12:01:51" flgborrado="0" />
<Tmp cdgrupo="00052" cdtpsalida="STRFM" cdtpingreso="" fecmod="2021-06-08T12:01:51" flgborrado="0" />
<Tmp cdgrupo="00052" cdtpsalida="SXCJE" cdtpingreso="" fecmod="2021-06-08T12:01:51" flgborrado="0" />
<Tmp cdgrupo="00052" cdtpsalida="SXCMO" cdtpingreso="" fecmod="2021-06-08T12:01:51" flgborrado="0" />
<Tmp cdgrupo="00052" cdtpsalida="SXERR" cdtpingreso="" fecmod="2021-06-08T12:01:51" flgborrado="0" />
<Tmp cdgrupo="00052" cdtpsalida="TIR" cdtpingreso="" fecmod="2021-06-08T12:01:51" flgborrado="0" />
<Tmp cdgrupo="00052" cdtpsalida="TRFIN" cdtpingreso="" fecmod="2021-06-08T12:01:51" flgborrado="0" />
<Tmp cdgrupo="00052" cdtpsalida="TRFLO" cdtpingreso="" fecmod="2021-06-08T12:01:51" flgborrado="0" />
<Tmp cdgrupo="00053" cdtpsalida="TRFLO" cdtpingreso="" fecmod="2022-08-09T12:15:39" flgborrado="0" />
</ROOT>