<?xml version="1.0" encoding="ISO-8859-1"?><ROOT>
<Tmp cdoferta="1630" dsoferta="NESTUM 5 CEREALES X 350 GR" flgtipooferta="0" cdmonoferta="S" mtoofertatot="0.0000" fechainicio="2023-09-01T00:00:00" fechafin="2023-10-15T00:00:00" pccre="COSPREC03 # LRABANAL" cdusucre="LARG" feccre="2016-05-05T09:09:05" pcmod="DELIVERY22 # APLANEAMIENTO05" cdusumod="YLTF" fecmod="2022-09-02T11:00:09" flgpedircliente="0" flgpedirtelefono="0" flgpedirdireccion="0" flgpedirmedico="0" flgregaloconcosto_0="1" idcolor="1" />
<Tmp cdoferta="1631" dsoferta="NESTUM ARROZ X 350 GR" flgtipooferta="0" cdmonoferta="S" mtoofertatot="0.0000" fechainicio="2022-09-01T00:00:00" fechafin="2022-10-15T00:00:00" pccre="COSPREC03 # LRABANAL" cdusucre="LARG" feccre="2016-05-05T09:10:09" pcmod="DELIVERY22 # APLANEAMIENTO05" cdusumod="YLTF" fecmod="2022-09-02T11:04:25" flgpedircliente="0" flgpedirtelefono="0" flgpedirdireccion="0" flgpedirmedico="0" flgregaloconcosto_0="1" idcolor="1" />
<Tmp cdoferta="1632" dsoferta="NESTUM TRIGO Y MIEL X 350 GR" flgtipooferta="0" cdmonoferta="S" mtoofertatot="0.0000" fechainicio="2022-09-01T00:00:00" fechafin="2022-10-15T00:00:00" pccre="COSPREC03 # LRABANAL" cdusucre="LARG" feccre="2016-05-05T09:11:06" pcmod="DELIVERY22 # APLANEAMIENTO05" cdusumod="YLTF" fecmod="2022-09-02T11:03:54" flgpedircliente="0" flgpedirtelefono="0" flgpedirdireccion="0" flgpedirmedico="0" flgregaloconcosto_0="1" idcolor="1" />
<Tmp cdoferta="1633" dsoferta="NESTUM TRIGO Y QUINUA X 350 GR" flgtipooferta="0" cdmonoferta="S" mtoofertatot="0.0000" fechainicio="2022-09-01T00:00:00" fechafin="2022-10-15T00:00:00" pccre="COSPREC03 # LRABANAL" cdusucre="LARG" feccre="2016-05-05T09:12:02" pcmod="DELIVERY22 # APLANEAMIENTO05" cdusumod="YLTF" fecmod="2022-09-02T11:05:15" flgpedircliente="0" flgpedirtelefono="0" flgpedirdireccion="0" flgpedirmedico="0" flgregaloconcosto_0="1" idcolor="1" />
<Tmp cdoferta="3002" dsoferta="PALMOLIVE JABON SENSACION HUMECT X 120 G (TRIPACK)+ REGALO JABON" flgtipooferta="0" cdmonoferta="S" mtoofertatot="0.0000" fechainicio="2021-11-19T00:00:00" fechafin="2022-09-30T00:00:00" pccre="PLAN05 # JHUAMANI" cdusucre="JHT" feccre="2021-11-19T15:31:29" pcmod="PROCESOS02HYS # PROCESOS02" cdusumod="ISMF" fecmod="2022-09-07T15:59:15" flgpedircliente="0" flgpedirtelefono="0" flgpedirdireccion="0" flgpedirmedico="0" flgregaloconcosto_0="1" idcolor="0" />
<Tmp cdoferta="3004" dsoferta="PALMOLIVE JABON DELICADA EXFOLIA X 120 G (TRIPACK)+ REGALO JABON" flgtipooferta="0" cdmonoferta="S" mtoofertatot="0.0000" fechainicio="2021-11-19T00:00:00" fechafin="2022-09-30T00:00:00" pccre="PLAN05 # JHUAMANI" cdusucre="JHT" feccre="2021-11-19T15:35:44" pcmod="PROCESOS02HYS # PROCESOS02" cdusumod="ISMF" fecmod="2022-09-07T15:59:07" flgpedircliente="0" flgpedirtelefono="0" flgpedirdireccion="0" flgpedirmedico="0" flgregaloconcosto_0="1" idcolor="0" />
<Tmp cdoferta="3107" dsoferta="VARIXINA CAP 2+1" flgtipooferta="0" cdmonoferta="S" mtoofertatot="0.0000" fechainicio="2022-02-10T00:00:00" fechafin="2023-03-23T00:00:00" pccre="COMPRAS2020 # VBENITES" cdusucre="RCJ" feccre="2022-02-11T16:48:52" pcmod="PLAN05 # JHUAMANI" cdusumod="RCJ" fecmod="2022-09-05T11:31:30" flgpedircliente="1" flgpedirtelefono="1" flgpedirdireccion="1" flgpedirmedico="0" flgregaloconcosto_0="1" idcolor="0" />
<Tmp cdoferta="3151" dsoferta="00194470  QLAIRA COMP" flgtipooferta="0" cdmonoferta="S" mtoofertatot="0.0000" fechainicio="2022-05-05T00:00:00" fechafin="2022-07-31T00:00:00" pccre="PLAN05 # JHUAMANI" cdusucre="RCJ" feccre="2022-05-05T12:33:39" pcmod="PLAN05 # JHUAMANI" cdusumod="RCJ" fecmod="2022-09-05T11:46:24" flgpedircliente="1" flgpedirtelefono="1" flgpedirdireccion="1" flgpedirmedico="0" flgregaloconcosto_0="1" idcolor="0" />
<Tmp cdoferta="3368" dsoferta="PEDIASURE TRIPLESURE SABOR VAINILLA X 900 G" flgtipooferta="0" cdmonoferta="S" mtoofertatot="0.0000" fechainicio="2022-08-25T00:00:00" fechafin="2022-09-30T00:00:00" pccre="PLANEAMIENTO20 # RCALLE" cdusucre="EPLI" feccre="2022-08-25T11:03:46" pcmod="PLANEAMIENTO20 # RCALLE" cdusumod="EPLI" fecmod="2022-09-07T15:56:32" flgpedircliente="0" flgpedirtelefono="0" flgpedirdireccion="0" flgpedirmedico="0" flgregaloconcosto_0="1" idcolor="0" />
<Tmp cdoferta="3369" dsoferta="PEDIASURE TRIPLESURE SABOR CHOCOLATE X 900 G + CARTUCHERA PEDIASURE" flgtipooferta="0" cdmonoferta="S" mtoofertatot="0.0000" fechainicio="2022-08-25T00:00:00" fechafin="2022-09-30T00:00:00" pccre="PLANEAMIENTO20 # RCALLE" cdusucre="EPLI" feccre="2022-08-25T11:08:12" pcmod="DELIVERY22 # APLANEAMIENTO05" cdusumod="YLTF" fecmod="2022-09-06T14:58:31" flgpedircliente="0" flgpedirtelefono="0" flgpedirdireccion="0" flgpedirmedico="0" flgregaloconcosto_0="1" idcolor="0" />
</ROOT>