<?xml version="1.0" encoding="ISO-8859-1"?><ROOT>
<Tmp cdpuntos_bonus_equivalencia_canje="10" cdarticulo="00195842" />
<Tmp cdpuntos_bonus_equivalencia_canje="11" cdarticulo="00195832" />
<Tmp cdpuntos_bonus_equivalencia_canje="12" cdarticulo="00195828" />
<Tmp cdpuntos_bonus_equivalencia_canje="13" cdarticulo="00195891" />
<Tmp cdpuntos_bonus_equivalencia_canje="14" cdarticulo="00195835" />
<Tmp cdpuntos_bonus_equivalencia_canje="15" cdarticulo="00195838" />
<Tmp cdpuntos_bonus_equivalencia_canje="16" cdarticulo="00195834" />
<Tmp cdpuntos_bonus_equivalencia_canje="17" cdarticulo="00195844" />
<Tmp cdpuntos_bonus_equivalencia_canje="18" cdarticulo="00195845" />
<Tmp cdpuntos_bonus_equivalencia_canje="19" cdarticulo="00195837" />
<Tmp cdpuntos_bonus_equivalencia_canje="2" cdarticulo="00195830" />
<Tmp cdpuntos_bonus_equivalencia_canje="20" cdarticulo="00195836" />
<Tmp cdpuntos_bonus_equivalencia_canje="21" cdarticulo="00195839" />
<Tmp cdpuntos_bonus_equivalencia_canje="22" cdarticulo="00195833" />
<Tmp cdpuntos_bonus_equivalencia_canje="23" cdarticulo="00195840" />
<Tmp cdpuntos_bonus_equivalencia_canje="24" cdarticulo="00195841" />
<Tmp cdpuntos_bonus_equivalencia_canje="25" cdarticulo="00195851" />
<Tmp cdpuntos_bonus_equivalencia_canje="26" cdarticulo="00195850" />
<Tmp cdpuntos_bonus_equivalencia_canje="27" cdarticulo="00195847" />
<Tmp cdpuntos_bonus_equivalencia_canje="28" cdarticulo="00195848" />
<Tmp cdpuntos_bonus_equivalencia_canje="29" cdarticulo="00195843" />
<Tmp cdpuntos_bonus_equivalencia_canje="30" cdarticulo="00196538" />
<Tmp cdpuntos_bonus_equivalencia_canje="31" cdarticulo="00196540" />
<Tmp cdpuntos_bonus_equivalencia_canje="32" cdarticulo="00196537" />
<Tmp cdpuntos_bonus_equivalencia_canje="33" cdarticulo="00196544" />
<Tmp cdpuntos_bonus_equivalencia_canje="34" cdarticulo="00196543" />
<Tmp cdpuntos_bonus_equivalencia_canje="35" cdarticulo="00197588" />
<Tmp cdpuntos_bonus_equivalencia_canje="5" cdarticulo="00195829" />
<Tmp cdpuntos_bonus_equivalencia_canje="6" cdarticulo="00195849" />
<Tmp cdpuntos_bonus_equivalencia_canje="7" cdarticulo="00195890" />
<Tmp cdpuntos_bonus_equivalencia_canje="8" cdarticulo="00195830" />
<Tmp cdpuntos_bonus_equivalencia_canje="9" cdarticulo="00195846" />
</ROOT>