<?xml version="1.0" encoding="ISO-8859-1"?><ROOT>
<Tmp cdpuntos_bonus_equivalencia_ventas="2" cdarticulo="000016720" />
<Tmp cdpuntos_bonus_equivalencia_ventas="2" cdarticulo="000017177" />
<Tmp cdpuntos_bonus_equivalencia_ventas="2" cdarticulo="000018992" />
<Tmp cdpuntos_bonus_equivalencia_ventas="2" cdarticulo="000019058" />
<Tmp cdpuntos_bonus_equivalencia_ventas="2" cdarticulo="000019068" />
<Tmp cdpuntos_bonus_equivalencia_ventas="2" cdarticulo="000019088" />
<Tmp cdpuntos_bonus_equivalencia_ventas="2" cdarticulo="000019098" />
<Tmp cdpuntos_bonus_equivalencia_ventas="2" cdarticulo="000019105" />
<Tmp cdpuntos_bonus_equivalencia_ventas="2" cdarticulo="001925465" />
<Tmp cdpuntos_bonus_equivalencia_ventas="2" cdarticulo="001925542" />
<Tmp cdpuntos_bonus_equivalencia_ventas="2" cdarticulo="001925582" />
<Tmp cdpuntos_bonus_equivalencia_ventas="2" cdarticulo="001925592" />
<Tmp cdpuntos_bonus_equivalencia_ventas="2" cdarticulo="001925619" />
<Tmp cdpuntos_bonus_equivalencia_ventas="2" cdarticulo="001925706" />
<Tmp cdpuntos_bonus_equivalencia_ventas="2" cdarticulo="001926715" />
<Tmp cdpuntos_bonus_equivalencia_ventas="2" cdarticulo="001928917" />
<Tmp cdpuntos_bonus_equivalencia_ventas="2" cdarticulo="001928937" />
<Tmp cdpuntos_bonus_equivalencia_ventas="2" cdarticulo="001929013" />
<Tmp cdpuntos_bonus_equivalencia_ventas="2" cdarticulo="001930186" />
<Tmp cdpuntos_bonus_equivalencia_ventas="2" cdarticulo="001930514" />
<Tmp cdpuntos_bonus_equivalencia_ventas="2" cdarticulo="001930524" />
<Tmp cdpuntos_bonus_equivalencia_ventas="2" cdarticulo="001930544" />
<Tmp cdpuntos_bonus_equivalencia_ventas="2" cdarticulo="001930554" />
<Tmp cdpuntos_bonus_equivalencia_ventas="2" cdarticulo="001930564" />
<Tmp cdpuntos_bonus_equivalencia_ventas="2" cdarticulo="001930584" />
<Tmp cdpuntos_bonus_equivalencia_ventas="2" cdarticulo="001930594" />
<Tmp cdpuntos_bonus_equivalencia_ventas="2" cdarticulo="001930631" />
<Tmp cdpuntos_bonus_equivalencia_ventas="2" cdarticulo="001930641" />
<Tmp cdpuntos_bonus_equivalencia_ventas="2" cdarticulo="001930855" />
<Tmp cdpuntos_bonus_equivalencia_ventas="2" cdarticulo="001931232" />
<Tmp cdpuntos_bonus_equivalencia_ventas="2" cdarticulo="001931292" />
<Tmp cdpuntos_bonus_equivalencia_ventas="2" cdarticulo="001931747" />
<Tmp cdpuntos_bonus_equivalencia_ventas="2" cdarticulo="001932114" />
<Tmp cdpuntos_bonus_equivalencia_ventas="2" cdarticulo="001932592" />
<Tmp cdpuntos_bonus_equivalencia_ventas="2" cdarticulo="001932716" />
<Tmp cdpuntos_bonus_equivalencia_ventas="2" cdarticulo="001932726" />
<Tmp cdpuntos_bonus_equivalencia_ventas="2" cdarticulo="001932736" />
<Tmp cdpuntos_bonus_equivalencia_ventas="2" cdarticulo="001932863" />
<Tmp cdpuntos_bonus_equivalencia_ventas="2" cdarticulo="001932873" />
<Tmp cdpuntos_bonus_equivalencia_ventas="2" cdarticulo="001933066" />
<Tmp cdpuntos_bonus_equivalencia_ventas="2" cdarticulo="001933220" />
<Tmp cdpuntos_bonus_equivalencia_ventas="2" cdarticulo="001933230" />
<Tmp cdpuntos_bonus_equivalencia_ventas="2" cdarticulo="001933240" />
<Tmp cdpuntos_bonus_equivalencia_ventas="2" cdarticulo="001933260" />
<Tmp cdpuntos_bonus_equivalencia_ventas="2" cdarticulo="001933270" />
<Tmp cdpuntos_bonus_equivalencia_ventas="2" cdarticulo="001933280" />
<Tmp cdpuntos_bonus_equivalencia_ventas="2" cdarticulo="001933307" />
<Tmp cdpuntos_bonus_equivalencia_ventas="2" cdarticulo="001933317" />
<Tmp cdpuntos_bonus_equivalencia_ventas="2" cdarticulo="001933327" />
<Tmp cdpuntos_bonus_equivalencia_ventas="2" cdarticulo="001933337" />
<Tmp cdpuntos_bonus_equivalencia_ventas="2" cdarticulo="001933347" />
<Tmp cdpuntos_bonus_equivalencia_ventas="2" cdarticulo="001933357" />
<Tmp cdpuntos_bonus_equivalencia_ventas="2" cdarticulo="001933367" />
<Tmp cdpuntos_bonus_equivalencia_ventas="2" cdarticulo="001933377" />
<Tmp cdpuntos_bonus_equivalencia_ventas="2" cdarticulo="001933387" />
<Tmp cdpuntos_bonus_equivalencia_ventas="2" cdarticulo="001933397" />
<Tmp cdpuntos_bonus_equivalencia_ventas="2" cdarticulo="001933404" />
<Tmp cdpuntos_bonus_equivalencia_ventas="2" cdarticulo="001933414" />
<Tmp cdpuntos_bonus_equivalencia_ventas="2" cdarticulo="001933424" />
<Tmp cdpuntos_bonus_equivalencia_ventas="2" cdarticulo="001933434" />
<Tmp cdpuntos_bonus_equivalencia_ventas="2" cdarticulo="001933444" />
<Tmp cdpuntos_bonus_equivalencia_ventas="2" cdarticulo="001933454" />
<Tmp cdpuntos_bonus_equivalencia_ventas="2" cdarticulo="001933464" />
<Tmp cdpuntos_bonus_equivalencia_ventas="2" cdarticulo="001933474" />
<Tmp cdpuntos_bonus_equivalencia_ventas="2" cdarticulo="001933484" />
<Tmp cdpuntos_bonus_equivalencia_ventas="2" cdarticulo="001933494" />
<Tmp cdpuntos_bonus_equivalencia_ventas="2" cdarticulo="001933501" />
<Tmp cdpuntos_bonus_equivalencia_ventas="2" cdarticulo="001933511" />
<Tmp cdpuntos_bonus_equivalencia_ventas="2" cdarticulo="001933521" />
<Tmp cdpuntos_bonus_equivalencia_ventas="2" cdarticulo="001933531" />
<Tmp cdpuntos_bonus_equivalencia_ventas="2" cdarticulo="001933541" />
<Tmp cdpuntos_bonus_equivalencia_ventas="2" cdarticulo="001933551" />
<Tmp cdpuntos_bonus_equivalencia_ventas="2" cdarticulo="001933561" />
<Tmp cdpuntos_bonus_equivalencia_ventas="2" cdarticulo="001933571" />
<Tmp cdpuntos_bonus_equivalencia_ventas="2" cdarticulo="001933581" />
<Tmp cdpuntos_bonus_equivalencia_ventas="2" cdarticulo="001933735" />
<Tmp cdpuntos_bonus_equivalencia_ventas="2" cdarticulo="001934229" />
<Tmp cdpuntos_bonus_equivalencia_ventas="2" cdarticulo="001934239" />
<Tmp cdpuntos_bonus_equivalencia_ventas="2" cdarticulo="001934841" />
<Tmp cdpuntos_bonus_equivalencia_ventas="2" cdarticulo="001934851" />
<Tmp cdpuntos_bonus_equivalencia_ventas="2" cdarticulo="001934861" />
<Tmp cdpuntos_bonus_equivalencia_ventas="2" cdarticulo="001934891" />
<Tmp cdpuntos_bonus_equivalencia_ventas="2" cdarticulo="001935335" />
<Tmp cdpuntos_bonus_equivalencia_ventas="2" cdarticulo="001935395" />
<Tmp cdpuntos_bonus_equivalencia_ventas="2" cdarticulo="001935519" />
<Tmp cdpuntos_bonus_equivalencia_ventas="2" cdarticulo="001935539" />
<Tmp cdpuntos_bonus_equivalencia_ventas="2" cdarticulo="001935703" />
<Tmp cdpuntos_bonus_equivalencia_ventas="2" cdarticulo="001936100" />
<Tmp cdpuntos_bonus_equivalencia_ventas="2" cdarticulo="001936257" />
<Tmp cdpuntos_bonus_equivalencia_ventas="2" cdarticulo="001936267" />
<Tmp cdpuntos_bonus_equivalencia_ventas="2" cdarticulo="001936441" />
<Tmp cdpuntos_bonus_equivalencia_ventas="2" cdarticulo="001936451" />
<Tmp cdpuntos_bonus_equivalencia_ventas="2" cdarticulo="001936461" />
<Tmp cdpuntos_bonus_equivalencia_ventas="2" cdarticulo="001936471" />
<Tmp cdpuntos_bonus_equivalencia_ventas="2" cdarticulo="001936481" />
<Tmp cdpuntos_bonus_equivalencia_ventas="2" cdarticulo="001936605" />
<Tmp cdpuntos_bonus_equivalencia_ventas="2" cdarticulo="001936645" />
<Tmp cdpuntos_bonus_equivalencia_ventas="2" cdarticulo="001936655" />
<Tmp cdpuntos_bonus_equivalencia_ventas="2" cdarticulo="001936956" />
<Tmp cdpuntos_bonus_equivalencia_ventas="2" cdarticulo="001937353" />
<Tmp cdpuntos_bonus_equivalencia_ventas="2" cdarticulo="001937537" />
<Tmp cdpuntos_bonus_equivalencia_ventas="2" cdarticulo="001937838" />
<Tmp cdpuntos_bonus_equivalencia_ventas="2" cdarticulo="001937898" />
<Tmp cdpuntos_bonus_equivalencia_ventas="2" cdarticulo="001938081" />
<Tmp cdpuntos_bonus_equivalencia_ventas="2" cdarticulo="001938128" />
<Tmp cdpuntos_bonus_equivalencia_ventas="2" cdarticulo="001938429" />
<Tmp cdpuntos_bonus_equivalencia_ventas="2" cdarticulo="001938449" />
<Tmp cdpuntos_bonus_equivalencia_ventas="2" cdarticulo="001938459" />
<Tmp cdpuntos_bonus_equivalencia_ventas="2" cdarticulo="001938469" />
<Tmp cdpuntos_bonus_equivalencia_ventas="2" cdarticulo="001938479" />
<Tmp cdpuntos_bonus_equivalencia_ventas="2" cdarticulo="001938489" />
<Tmp cdpuntos_bonus_equivalencia_ventas="2" cdarticulo="001938499" />
<Tmp cdpuntos_bonus_equivalencia_ventas="2" cdarticulo="001938526" />
<Tmp cdpuntos_bonus_equivalencia_ventas="2" cdarticulo="001938536" />
<Tmp cdpuntos_bonus_equivalencia_ventas="2" cdarticulo="001938546" />
<Tmp cdpuntos_bonus_equivalencia_ventas="2" cdarticulo="001938807" />
<Tmp cdpuntos_bonus_equivalencia_ventas="2" cdarticulo="001938827" />
<Tmp cdpuntos_bonus_equivalencia_ventas="2" cdarticulo="001938837" />
<Tmp cdpuntos_bonus_equivalencia_ventas="2" cdarticulo="001938897" />
<Tmp cdpuntos_bonus_equivalencia_ventas="2" cdarticulo="001939381" />
<Tmp cdpuntos_bonus_equivalencia_ventas="2" cdarticulo="001939391" />
<Tmp cdpuntos_bonus_equivalencia_ventas="2" cdarticulo="001939575" />
<Tmp cdpuntos_bonus_equivalencia_ventas="2" cdarticulo="001939585" />
<Tmp cdpuntos_bonus_equivalencia_ventas="2" cdarticulo="00194002" />
<Tmp cdpuntos_bonus_equivalencia_ventas="2" cdarticulo="00194003" />
<Tmp cdpuntos_bonus_equivalencia_ventas="2" cdarticulo="00194028" />
<Tmp cdpuntos_bonus_equivalencia_ventas="2" cdarticulo="00194029" />
<Tmp cdpuntos_bonus_equivalencia_ventas="2" cdarticulo="00194044" />
<Tmp cdpuntos_bonus_equivalencia_ventas="2" cdarticulo="00194067" />
<Tmp cdpuntos_bonus_equivalencia_ventas="2" cdarticulo="00194068" />
<Tmp cdpuntos_bonus_equivalencia_ventas="2" cdarticulo="00194069" />
<Tmp cdpuntos_bonus_equivalencia_ventas="2" cdarticulo="00194094" />
<Tmp cdpuntos_bonus_equivalencia_ventas="2" cdarticulo="00194095" />
<Tmp cdpuntos_bonus_equivalencia_ventas="2" cdarticulo="00194097" />
<Tmp cdpuntos_bonus_equivalencia_ventas="2" cdarticulo="00194099" />
<Tmp cdpuntos_bonus_equivalencia_ventas="2" cdarticulo="00194100" />
<Tmp cdpuntos_bonus_equivalencia_ventas="2" cdarticulo="00194101" />
<Tmp cdpuntos_bonus_equivalencia_ventas="2" cdarticulo="00194145" />
<Tmp cdpuntos_bonus_equivalencia_ventas="2" cdarticulo="00194146" />
<Tmp cdpuntos_bonus_equivalencia_ventas="2" cdarticulo="00194147" />
<Tmp cdpuntos_bonus_equivalencia_ventas="2" cdarticulo="00194148" />
<Tmp cdpuntos_bonus_equivalencia_ventas="2" cdarticulo="00194156" />
<Tmp cdpuntos_bonus_equivalencia_ventas="2" cdarticulo="00194157" />
<Tmp cdpuntos_bonus_equivalencia_ventas="2" cdarticulo="00194158" />
<Tmp cdpuntos_bonus_equivalencia_ventas="2" cdarticulo="00194197" />
<Tmp cdpuntos_bonus_equivalencia_ventas="2" cdarticulo="00194207" />
<Tmp cdpuntos_bonus_equivalencia_ventas="2" cdarticulo="00194208" />
<Tmp cdpuntos_bonus_equivalencia_ventas="2" cdarticulo="00419" />
<Tmp cdpuntos_bonus_equivalencia_ventas="2" cdarticulo="01005" />
<Tmp cdpuntos_bonus_equivalencia_ventas="2" cdarticulo="01126" />
<Tmp cdpuntos_bonus_equivalencia_ventas="2" cdarticulo="01606" />
<Tmp cdpuntos_bonus_equivalencia_ventas="2" cdarticulo="02139" />
<Tmp cdpuntos_bonus_equivalencia_ventas="2" cdarticulo="02617" />
<Tmp cdpuntos_bonus_equivalencia_ventas="2" cdarticulo="02627" />
<Tmp cdpuntos_bonus_equivalencia_ventas="2" cdarticulo="03614" />
<Tmp cdpuntos_bonus_equivalencia_ventas="2" cdarticulo="53635" />
<Tmp cdpuntos_bonus_equivalencia_ventas="2" cdarticulo="64204" />
<Tmp cdpuntos_bonus_equivalencia_ventas="2" cdarticulo="64628" />
<Tmp cdpuntos_bonus_equivalencia_ventas="2" cdarticulo="66620" />
<Tmp cdpuntos_bonus_equivalencia_ventas="2" cdarticulo="68459" />
<Tmp cdpuntos_bonus_equivalencia_ventas="2" cdarticulo="68739" />
<Tmp cdpuntos_bonus_equivalencia_ventas="2" cdarticulo="68975" />
<Tmp cdpuntos_bonus_equivalencia_ventas="2" cdarticulo="69711" />
<Tmp cdpuntos_bonus_equivalencia_ventas="2" cdarticulo="69786" />
<Tmp cdpuntos_bonus_equivalencia_ventas="2" cdarticulo="69997" />
<Tmp cdpuntos_bonus_equivalencia_ventas="2" cdarticulo="70071" />
<Tmp cdpuntos_bonus_equivalencia_ventas="2" cdarticulo="70172" />
<Tmp cdpuntos_bonus_equivalencia_ventas="2" cdarticulo="70313" />
<Tmp cdpuntos_bonus_equivalencia_ventas="2" cdarticulo="71302" />
<Tmp cdpuntos_bonus_equivalencia_ventas="2" cdarticulo="71383" />
<Tmp cdpuntos_bonus_equivalencia_ventas="2" cdarticulo="71511" />
<Tmp cdpuntos_bonus_equivalencia_ventas="2" cdarticulo="72150" />
<Tmp cdpuntos_bonus_equivalencia_ventas="2" cdarticulo="72173" />
<Tmp cdpuntos_bonus_equivalencia_ventas="2" cdarticulo="72586" />
<Tmp cdpuntos_bonus_equivalencia_ventas="2" cdarticulo="72757" />
<Tmp cdpuntos_bonus_equivalencia_ventas="2" cdarticulo="72772" />
<Tmp cdpuntos_bonus_equivalencia_ventas="2" cdarticulo="73026" />
<Tmp cdpuntos_bonus_equivalencia_ventas="2" cdarticulo="73060" />
<Tmp cdpuntos_bonus_equivalencia_ventas="2" cdarticulo="73171" />
<Tmp cdpuntos_bonus_equivalencia_ventas="2" cdarticulo="73526" />
<Tmp cdpuntos_bonus_equivalencia_ventas="2" cdarticulo="73530" />
<Tmp cdpuntos_bonus_equivalencia_ventas="2" cdarticulo="73935" />
<Tmp cdpuntos_bonus_equivalencia_ventas="2" cdarticulo="74059" />
<Tmp cdpuntos_bonus_equivalencia_ventas="2" cdarticulo="74065" />
<Tmp cdpuntos_bonus_equivalencia_ventas="2" cdarticulo="74097" />
<Tmp cdpuntos_bonus_equivalencia_ventas="2" cdarticulo="74098" />
<Tmp cdpuntos_bonus_equivalencia_ventas="2" cdarticulo="74101" />
<Tmp cdpuntos_bonus_equivalencia_ventas="2" cdarticulo="74103" />
<Tmp cdpuntos_bonus_equivalencia_ventas="2" cdarticulo="74107" />
<Tmp cdpuntos_bonus_equivalencia_ventas="2" cdarticulo="74117" />
<Tmp cdpuntos_bonus_equivalencia_ventas="2" cdarticulo="74179" />
<Tmp cdpuntos_bonus_equivalencia_ventas="2" cdarticulo="74320" />
<Tmp cdpuntos_bonus_equivalencia_ventas="2" cdarticulo="74343" />
<Tmp cdpuntos_bonus_equivalencia_ventas="2" cdarticulo="74360" />
<Tmp cdpuntos_bonus_equivalencia_ventas="2" cdarticulo="75001" />
<Tmp cdpuntos_bonus_equivalencia_ventas="2" cdarticulo="75077" />
<Tmp cdpuntos_bonus_equivalencia_ventas="2" cdarticulo="75078" />
<Tmp cdpuntos_bonus_equivalencia_ventas="2" cdarticulo="75090" />
<Tmp cdpuntos_bonus_equivalencia_ventas="2" cdarticulo="75558" />
<Tmp cdpuntos_bonus_equivalencia_ventas="2" cdarticulo="75612" />
<Tmp cdpuntos_bonus_equivalencia_ventas="2" cdarticulo="75905" />
<Tmp cdpuntos_bonus_equivalencia_ventas="2" cdarticulo="75911" />
<Tmp cdpuntos_bonus_equivalencia_ventas="2" cdarticulo="75934" />
<Tmp cdpuntos_bonus_equivalencia_ventas="2" cdarticulo="75996" />
<Tmp cdpuntos_bonus_equivalencia_ventas="2" cdarticulo="76057" />
<Tmp cdpuntos_bonus_equivalencia_ventas="2" cdarticulo="76374" />
<Tmp cdpuntos_bonus_equivalencia_ventas="2" cdarticulo="76416" />
<Tmp cdpuntos_bonus_equivalencia_ventas="2" cdarticulo="77283" />
<Tmp cdpuntos_bonus_equivalencia_ventas="2" cdarticulo="77712" />
<Tmp cdpuntos_bonus_equivalencia_ventas="2" cdarticulo="77760" />
<Tmp cdpuntos_bonus_equivalencia_ventas="2" cdarticulo="78088" />
<Tmp cdpuntos_bonus_equivalencia_ventas="2" cdarticulo="78211" />
<Tmp cdpuntos_bonus_equivalencia_ventas="2" cdarticulo="78232" />
<Tmp cdpuntos_bonus_equivalencia_ventas="2" cdarticulo="78313" />
<Tmp cdpuntos_bonus_equivalencia_ventas="2" cdarticulo="78534" />
<Tmp cdpuntos_bonus_equivalencia_ventas="2" cdarticulo="78933" />
<Tmp cdpuntos_bonus_equivalencia_ventas="2" cdarticulo="79103" />
<Tmp cdpuntos_bonus_equivalencia_ventas="2" cdarticulo="79378" />
<Tmp cdpuntos_bonus_equivalencia_ventas="2" cdarticulo="80393" />
<Tmp cdpuntos_bonus_equivalencia_ventas="2" cdarticulo="80464" />
<Tmp cdpuntos_bonus_equivalencia_ventas="2" cdarticulo="80529" />
<Tmp cdpuntos_bonus_equivalencia_ventas="2" cdarticulo="80577" />
<Tmp cdpuntos_bonus_equivalencia_ventas="2" cdarticulo="80649" />
<Tmp cdpuntos_bonus_equivalencia_ventas="2" cdarticulo="80657" />
<Tmp cdpuntos_bonus_equivalencia_ventas="2" cdarticulo="80705" />
<Tmp cdpuntos_bonus_equivalencia_ventas="2" cdarticulo="80732" />
<Tmp cdpuntos_bonus_equivalencia_ventas="2" cdarticulo="80761" />
<Tmp cdpuntos_bonus_equivalencia_ventas="2" cdarticulo="80782" />
<Tmp cdpuntos_bonus_equivalencia_ventas="2" cdarticulo="80812" />
<Tmp cdpuntos_bonus_equivalencia_ventas="2" cdarticulo="80840" />
<Tmp cdpuntos_bonus_equivalencia_ventas="2" cdarticulo="80842" />
<Tmp cdpuntos_bonus_equivalencia_ventas="2" cdarticulo="80879" />
<Tmp cdpuntos_bonus_equivalencia_ventas="2" cdarticulo="80974" />
<Tmp cdpuntos_bonus_equivalencia_ventas="2" cdarticulo="80987" />
<Tmp cdpuntos_bonus_equivalencia_ventas="2" cdarticulo="81103" />
<Tmp cdpuntos_bonus_equivalencia_ventas="2" cdarticulo="81114" />
<Tmp cdpuntos_bonus_equivalencia_ventas="2" cdarticulo="81131" />
<Tmp cdpuntos_bonus_equivalencia_ventas="2" cdarticulo="81215" />
<Tmp cdpuntos_bonus_equivalencia_ventas="2" cdarticulo="81221" />
<Tmp cdpuntos_bonus_equivalencia_ventas="2" cdarticulo="81324" />
<Tmp cdpuntos_bonus_equivalencia_ventas="2" cdarticulo="81418" />
<Tmp cdpuntos_bonus_equivalencia_ventas="2" cdarticulo="81686" />
<Tmp cdpuntos_bonus_equivalencia_ventas="2" cdarticulo="81694" />
<Tmp cdpuntos_bonus_equivalencia_ventas="2" cdarticulo="81695" />
<Tmp cdpuntos_bonus_equivalencia_ventas="2" cdarticulo="81790" />
<Tmp cdpuntos_bonus_equivalencia_ventas="2" cdarticulo="81810" />
<Tmp cdpuntos_bonus_equivalencia_ventas="2" cdarticulo="81953" />
<Tmp cdpuntos_bonus_equivalencia_ventas="2" cdarticulo="81990" />
<Tmp cdpuntos_bonus_equivalencia_ventas="2" cdarticulo="82254" />
<Tmp cdpuntos_bonus_equivalencia_ventas="2" cdarticulo="82415" />
<Tmp cdpuntos_bonus_equivalencia_ventas="2" cdarticulo="82522" />
<Tmp cdpuntos_bonus_equivalencia_ventas="2" cdarticulo="82633" />
<Tmp cdpuntos_bonus_equivalencia_ventas="2" cdarticulo="82646" />
<Tmp cdpuntos_bonus_equivalencia_ventas="2" cdarticulo="82723" />
<Tmp cdpuntos_bonus_equivalencia_ventas="2" cdarticulo="82743" />
<Tmp cdpuntos_bonus_equivalencia_ventas="2" cdarticulo="82794" />
<Tmp cdpuntos_bonus_equivalencia_ventas="2" cdarticulo="83136" />
<Tmp cdpuntos_bonus_equivalencia_ventas="2" cdarticulo="83137" />
<Tmp cdpuntos_bonus_equivalencia_ventas="2" cdarticulo="83178" />
<Tmp cdpuntos_bonus_equivalencia_ventas="2" cdarticulo="83194" />
<Tmp cdpuntos_bonus_equivalencia_ventas="2" cdarticulo="83226" />
<Tmp cdpuntos_bonus_equivalencia_ventas="2" cdarticulo="83256" />
<Tmp cdpuntos_bonus_equivalencia_ventas="2" cdarticulo="83345" />
<Tmp cdpuntos_bonus_equivalencia_ventas="2" cdarticulo="83346" />
<Tmp cdpuntos_bonus_equivalencia_ventas="2" cdarticulo="83375" />
<Tmp cdpuntos_bonus_equivalencia_ventas="2" cdarticulo="83376" />
<Tmp cdpuntos_bonus_equivalencia_ventas="2" cdarticulo="83378" />
<Tmp cdpuntos_bonus_equivalencia_ventas="2" cdarticulo="83379" />
<Tmp cdpuntos_bonus_equivalencia_ventas="2" cdarticulo="83386" />
<Tmp cdpuntos_bonus_equivalencia_ventas="2" cdarticulo="83387" />
<Tmp cdpuntos_bonus_equivalencia_ventas="2" cdarticulo="83388" />
<Tmp cdpuntos_bonus_equivalencia_ventas="2" cdarticulo="83389" />
<Tmp cdpuntos_bonus_equivalencia_ventas="2" cdarticulo="83390" />
<Tmp cdpuntos_bonus_equivalencia_ventas="2" cdarticulo="83393" />
<Tmp cdpuntos_bonus_equivalencia_ventas="2" cdarticulo="83420" />
<Tmp cdpuntos_bonus_equivalencia_ventas="2" cdarticulo="83502" />
<Tmp cdpuntos_bonus_equivalencia_ventas="2" cdarticulo="83708" />
<Tmp cdpuntos_bonus_equivalencia_ventas="2" cdarticulo="84117" />
<Tmp cdpuntos_bonus_equivalencia_ventas="2" cdarticulo="84222" />
<Tmp cdpuntos_bonus_equivalencia_ventas="2" cdarticulo="84245" />
<Tmp cdpuntos_bonus_equivalencia_ventas="2" cdarticulo="84495" />
<Tmp cdpuntos_bonus_equivalencia_ventas="2" cdarticulo="84532" />
<Tmp cdpuntos_bonus_equivalencia_ventas="2" cdarticulo="84588" />
<Tmp cdpuntos_bonus_equivalencia_ventas="2" cdarticulo="84609" />
<Tmp cdpuntos_bonus_equivalencia_ventas="2" cdarticulo="84610" />
<Tmp cdpuntos_bonus_equivalencia_ventas="2" cdarticulo="84614" />
<Tmp cdpuntos_bonus_equivalencia_ventas="2" cdarticulo="84736" />
<Tmp cdpuntos_bonus_equivalencia_ventas="2" cdarticulo="84750" />
<Tmp cdpuntos_bonus_equivalencia_ventas="2" cdarticulo="84772" />
<Tmp cdpuntos_bonus_equivalencia_ventas="2" cdarticulo="84774" />
<Tmp cdpuntos_bonus_equivalencia_ventas="2" cdarticulo="84817" />
<Tmp cdpuntos_bonus_equivalencia_ventas="2" cdarticulo="84868" />
<Tmp cdpuntos_bonus_equivalencia_ventas="2" cdarticulo="84881" />
<Tmp cdpuntos_bonus_equivalencia_ventas="2" cdarticulo="84884" />
<Tmp cdpuntos_bonus_equivalencia_ventas="2" cdarticulo="84952" />
<Tmp cdpuntos_bonus_equivalencia_ventas="2" cdarticulo="84964" />
<Tmp cdpuntos_bonus_equivalencia_ventas="2" cdarticulo="84965" />
<Tmp cdpuntos_bonus_equivalencia_ventas="2" cdarticulo="84985" />
<Tmp cdpuntos_bonus_equivalencia_ventas="2" cdarticulo="85076" />
<Tmp cdpuntos_bonus_equivalencia_ventas="2" cdarticulo="85109" />
<Tmp cdpuntos_bonus_equivalencia_ventas="2" cdarticulo="85192" />
<Tmp cdpuntos_bonus_equivalencia_ventas="2" cdarticulo="85193" />
<Tmp cdpuntos_bonus_equivalencia_ventas="2" cdarticulo="85220" />
<Tmp cdpuntos_bonus_equivalencia_ventas="2" cdarticulo="85267" />
<Tmp cdpuntos_bonus_equivalencia_ventas="2" cdarticulo="85402" />
<Tmp cdpuntos_bonus_equivalencia_ventas="2" cdarticulo="85404" />
<Tmp cdpuntos_bonus_equivalencia_ventas="2" cdarticulo="85410" />
<Tmp cdpuntos_bonus_equivalencia_ventas="2" cdarticulo="85413" />
<Tmp cdpuntos_bonus_equivalencia_ventas="2" cdarticulo="85419" />
<Tmp cdpuntos_bonus_equivalencia_ventas="2" cdarticulo="85420" />
<Tmp cdpuntos_bonus_equivalencia_ventas="2" cdarticulo="85476" />
<Tmp cdpuntos_bonus_equivalencia_ventas="2" cdarticulo="85512" />
<Tmp cdpuntos_bonus_equivalencia_ventas="2" cdarticulo="85519" />
<Tmp cdpuntos_bonus_equivalencia_ventas="2" cdarticulo="85520" />
<Tmp cdpuntos_bonus_equivalencia_ventas="2" cdarticulo="85521" />
<Tmp cdpuntos_bonus_equivalencia_ventas="2" cdarticulo="85522" />
<Tmp cdpuntos_bonus_equivalencia_ventas="2" cdarticulo="85523" />
<Tmp cdpuntos_bonus_equivalencia_ventas="2" cdarticulo="85524" />
<Tmp cdpuntos_bonus_equivalencia_ventas="2" cdarticulo="85525" />
<Tmp cdpuntos_bonus_equivalencia_ventas="2" cdarticulo="85527" />
<Tmp cdpuntos_bonus_equivalencia_ventas="2" cdarticulo="85528" />
<Tmp cdpuntos_bonus_equivalencia_ventas="2" cdarticulo="85545" />
<Tmp cdpuntos_bonus_equivalencia_ventas="2" cdarticulo="85616" />
<Tmp cdpuntos_bonus_equivalencia_ventas="2" cdarticulo="85619" />
<Tmp cdpuntos_bonus_equivalencia_ventas="2" cdarticulo="85620" />
<Tmp cdpuntos_bonus_equivalencia_ventas="2" cdarticulo="85655" />
<Tmp cdpuntos_bonus_equivalencia_ventas="2" cdarticulo="85659" />
<Tmp cdpuntos_bonus_equivalencia_ventas="2" cdarticulo="85660" />
<Tmp cdpuntos_bonus_equivalencia_ventas="2" cdarticulo="85661" />
<Tmp cdpuntos_bonus_equivalencia_ventas="2" cdarticulo="85671" />
<Tmp cdpuntos_bonus_equivalencia_ventas="2" cdarticulo="85672" />
<Tmp cdpuntos_bonus_equivalencia_ventas="2" cdarticulo="85682" />
<Tmp cdpuntos_bonus_equivalencia_ventas="2" cdarticulo="85692" />
<Tmp cdpuntos_bonus_equivalencia_ventas="2" cdarticulo="85693" />
<Tmp cdpuntos_bonus_equivalencia_ventas="3" cdarticulo="001935569" />
<Tmp cdpuntos_bonus_equivalencia_ventas="3" cdarticulo="001935579" />
<Tmp cdpuntos_bonus_equivalencia_ventas="3" cdarticulo="001935589" />
<Tmp cdpuntos_bonus_equivalencia_ventas="3" cdarticulo="001935599" />
<Tmp cdpuntos_bonus_equivalencia_ventas="3" cdarticulo="001935606" />
<Tmp cdpuntos_bonus_equivalencia_ventas="3" cdarticulo="001935616" />
<Tmp cdpuntos_bonus_equivalencia_ventas="3" cdarticulo="001935753" />
<Tmp cdpuntos_bonus_equivalencia_ventas="3" cdarticulo="001935800" />
<Tmp cdpuntos_bonus_equivalencia_ventas="3" cdarticulo="001936140" />
<Tmp cdpuntos_bonus_equivalencia_ventas="3" cdarticulo="001936207" />
<Tmp cdpuntos_bonus_equivalencia_ventas="3" cdarticulo="001936538" />
<Tmp cdpuntos_bonus_equivalencia_ventas="3" cdarticulo="001936548" />
<Tmp cdpuntos_bonus_equivalencia_ventas="3" cdarticulo="001937771" />
<Tmp cdpuntos_bonus_equivalencia_ventas="3" cdarticulo="001937781" />
<Tmp cdpuntos_bonus_equivalencia_ventas="3" cdarticulo="001937868" />
<Tmp cdpuntos_bonus_equivalencia_ventas="3" cdarticulo="001937915" />
<Tmp cdpuntos_bonus_equivalencia_ventas="3" cdarticulo="001937985" />
<Tmp cdpuntos_bonus_equivalencia_ventas="3" cdarticulo="001937995" />
<Tmp cdpuntos_bonus_equivalencia_ventas="3" cdarticulo="001938001" />
<Tmp cdpuntos_bonus_equivalencia_ventas="3" cdarticulo="001938011" />
<Tmp cdpuntos_bonus_equivalencia_ventas="3" cdarticulo="001938021" />
<Tmp cdpuntos_bonus_equivalencia_ventas="3" cdarticulo="001938302" />
<Tmp cdpuntos_bonus_equivalencia_ventas="3" cdarticulo="001938312" />
<Tmp cdpuntos_bonus_equivalencia_ventas="3" cdarticulo="001938322" />
<Tmp cdpuntos_bonus_equivalencia_ventas="3" cdarticulo="001938409" />
<Tmp cdpuntos_bonus_equivalencia_ventas="3" cdarticulo="001938419" />
<Tmp cdpuntos_bonus_equivalencia_ventas="3" cdarticulo="001939478" />
<Tmp cdpuntos_bonus_equivalencia_ventas="3" cdarticulo="001939488" />
<Tmp cdpuntos_bonus_equivalencia_ventas="3" cdarticulo="001939498" />
<Tmp cdpuntos_bonus_equivalencia_ventas="3" cdarticulo="001939505" />
<Tmp cdpuntos_bonus_equivalencia_ventas="3" cdarticulo="001939836" />
<Tmp cdpuntos_bonus_equivalencia_ventas="3" cdarticulo="00194152" />
<Tmp cdpuntos_bonus_equivalencia_ventas="3" cdarticulo="00194153" />
<Tmp cdpuntos_bonus_equivalencia_ventas="3" cdarticulo="00194200" />
<Tmp cdpuntos_bonus_equivalencia_ventas="3" cdarticulo="00194203" />
<Tmp cdpuntos_bonus_equivalencia_ventas="3" cdarticulo="00194243" />
</ROOT>