<?xml version="1.0" encoding="ISO-8859-1"?><ROOT>
<Tmp codigo1="CAR" codigo2="00036" codigo3="" campo1="CdUsuario" campo2="Cdgrupo" campo3="" nombre_tabla="USUARIO_GRUPO" fecborrado="2022-09-07T17:47:06" flgok="1" />
<Tmp codigo1="FRASV" codigo2="00034" codigo3="" campo1="CdUsuario" campo2="Cdgrupo" campo3="" nombre_tabla="USUARIO_GRUPO" fecborrado="2022-09-07T18:03:28" flgok="1" />
<Tmp codigo1="CRSR" codigo2="00006" codigo3="" campo1="CdUsuario" campo2="Cdgrupo" campo3="" nombre_tabla="USUARIO_GRUPO" fecborrado="2022-09-07T18:01:42" flgok="1" />
<Tmp codigo1="EFBQ" codigo2="00034" codigo3="" campo1="CdUsuario" campo2="Cdgrupo" campo3="" nombre_tabla="USUARIO_GRUPO" fecborrado="2022-09-07T18:02:26" flgok="1" />
<Tmp codigo1="JCU" codigo2="00006" codigo3="" campo1="CdUsuario" campo2="Cdgrupo" campo3="" nombre_tabla="USUARIO_GRUPO" fecborrado="2022-09-07T18:05:01" flgok="1" />
<Tmp codigo1="JLSE" codigo2="00036" codigo3="" campo1="CdUsuario" campo2="Cdgrupo" campo3="" nombre_tabla="USUARIO_GRUPO" fecborrado="2022-09-07T18:05:51" flgok="1" />
<Tmp codigo1="JAGP" codigo2="00046" codigo3="" campo1="CdUsuario" campo2="Cdgrupo" campo3="" nombre_tabla="USUARIO_GRUPO" fecborrado="2022-09-07T18:06:45" flgok="1" />
<Tmp codigo1="YYCC" codigo2="00046" codigo3="" campo1="CdUsuario" campo2="Cdgrupo" campo3="" nombre_tabla="USUARIO_GRUPO" fecborrado="2022-09-07T18:12:12" flgok="1" />
<Tmp codigo1="JLZJ" codigo2="00043" codigo3="" campo1="CdUsuario" campo2="Cdgrupo" campo3="" nombre_tabla="USUARIO_GRUPO" fecborrado="2022-09-07T18:08:27" flgok="1" />
<Tmp codigo1="LERO" codigo2="00034" codigo3="" campo1="CdUsuario" campo2="Cdgrupo" campo3="" nombre_tabla="USUARIO_GRUPO" fecborrado="2022-09-07T18:09:07" flgok="1" />
<Tmp codigo1="JICA" codigo2="00006" codigo3="" campo1="CdUsuario" campo2="Cdgrupo" campo3="" nombre_tabla="USUARIO_GRUPO" fecborrado="2022-09-07T18:07:34" flgok="1" />
<Tmp codigo1="SDEF" codigo2="00036" codigo3="" campo1="CdUsuario" campo2="Cdgrupo" campo3="" nombre_tabla="USUARIO_GRUPO" fecborrado="2022-09-07T18:10:44" flgok="1" />
<Tmp codigo1="TSVC" codigo2="00006" codigo3="" campo1="CdUsuario" campo2="Cdgrupo" campo3="" nombre_tabla="USUARIO_GRUPO" fecborrado="2022-09-07T18:11:52" flgok="1" />
<Tmp codigo1="EEAG" codigo2="00046" codigo3="" campo1="CdUsuario" campo2="Cdgrupo" campo3="" nombre_tabla="USUARIO_GRUPO" fecborrado="2022-09-07T18:02:03" flgok="1" />
<Tmp codigo1="EOVS" codigo2="00036" codigo3="" campo1="CdUsuario" campo2="Cdgrupo" campo3="" nombre_tabla="USUARIO_GRUPO" fecborrado="2022-09-07T18:02:50" flgok="1" />
<Tmp codigo1="HMST" codigo2="00046" codigo3="" campo1="CdUsuario" campo2="Cdgrupo" campo3="" nombre_tabla="USUARIO_GRUPO" fecborrado="2022-09-07T18:03:46" flgok="1" />
<Tmp codigo1="JUAM" codigo2="00036" codigo3="" campo1="CdUsuario" campo2="Cdgrupo" campo3="" nombre_tabla="USUARIO_GRUPO" fecborrado="2022-09-07T18:08:48" flgok="1" />
<Tmp codigo1="MAZM" codigo2="00034" codigo3="" campo1="CdUsuario" campo2="Cdgrupo" campo3="" nombre_tabla="USUARIO_GRUPO" fecborrado="2022-09-07T18:09:39" flgok="1" />
<Tmp codigo1="RDDV" codigo2="00036" codigo3="" campo1="CdUsuario" campo2="Cdgrupo" campo3="" nombre_tabla="USUARIO_GRUPO" fecborrado="2022-09-07T18:10:26" flgok="1" />
<Tmp codigo1="SYCL" codigo2="00046" codigo3="" campo1="CdUsuario" campo2="Cdgrupo" campo3="" nombre_tabla="USUARIO_GRUPO" fecborrado="2022-09-07T18:11:24" flgok="1" />
<Tmp codigo1="LFH" codigo2="00019" codigo3="" campo1="CdUsuario" campo2="Cdgrupo" campo3="" nombre_tabla="USUARIO_GRUPO" fecborrado="2022-09-02T15:24:57" flgok="1" />
<Tmp codigo1="OMLC" codigo2="00017" codigo3="" campo1="CdUsuario" campo2="Cdgrupo" campo3="" nombre_tabla="USUARIO_GRUPO" fecborrado="2022-09-02T15:25:41" flgok="1" />
<Tmp codigo1="SMFV" codigo2="00019" codigo3="" campo1="CdUsuario" campo2="Cdgrupo" campo3="" nombre_tabla="USUARIO_GRUPO" fecborrado="2022-09-03T06:43:02" flgok="1" />
<Tmp codigo1="ECP" codigo2="00016" codigo3="" campo1="CdUsuario" campo2="Cdgrupo" campo3="" nombre_tabla="USUARIO_GRUPO" fecborrado="2022-09-03T07:21:52" flgok="1" />
<Tmp codigo1="KJVB" codigo2="00017" codigo3="" campo1="CdUsuario" campo2="Cdgrupo" campo3="" nombre_tabla="USUARIO_GRUPO" fecborrado="2022-09-03T08:07:39" flgok="1" />
<Tmp codigo1="MYOR" codigo2="00017" codigo3="" campo1="CdUsuario" campo2="Cdgrupo" campo3="" nombre_tabla="USUARIO_GRUPO" fecborrado="2022-09-03T07:22:48" flgok="1" />
<Tmp codigo1="MPVL" codigo2="00019" codigo3="" campo1="CdUsuario" campo2="Cdgrupo" campo3="" nombre_tabla="USUARIO_GRUPO" fecborrado="2022-09-03T08:20:03" flgok="1" />
<Tmp codigo1="MCBO" codigo2="00019" codigo3="" campo1="CdUsuario" campo2="Cdgrupo" campo3="" nombre_tabla="USUARIO_GRUPO" fecborrado="2022-09-05T10:16:32" flgok="1" />
<Tmp codigo1="BJRS" codigo2="00016" codigo3="" campo1="CdUsuario" campo2="Cdgrupo" campo3="" nombre_tabla="USUARIO_GRUPO" fecborrado="2022-09-05T10:17:46" flgok="1" />
<Tmp codigo1="RYCM" codigo2="00019" codigo3="" campo1="CdUsuario" campo2="Cdgrupo" campo3="" nombre_tabla="USUARIO_GRUPO" fecborrado="2022-09-05T10:18:47" flgok="1" />
<Tmp codigo1="RONA" codigo2="00048" codigo3="" campo1="CdUsuario" campo2="Cdgrupo" campo3="" nombre_tabla="USUARIO_GRUPO" fecborrado="2022-09-06T08:51:50" flgok="1" />
<Tmp codigo1="CYCP" codigo2="00019" codigo3="" campo1="CdUsuario" campo2="Cdgrupo" campo3="" nombre_tabla="USUARIO_GRUPO" fecborrado="2022-09-06T15:17:31" flgok="1" />
<Tmp codigo1="MVLLR" codigo2="00017" codigo3="" campo1="CdUsuario" campo2="Cdgrupo" campo3="" nombre_tabla="USUARIO_GRUPO" fecborrado="2022-09-06T15:18:13" flgok="1" />
<Tmp codigo1="RONA" codigo2="00048" codigo3="" campo1="CdUsuario" campo2="Cdgrupo" campo3="" nombre_tabla="USUARIO_GRUPO" fecborrado="2022-09-07T08:34:52" flgok="1" />
<Tmp codigo1="MACAR" codigo2="00019" codigo3="" campo1="CdUsuario" campo2="Cdgrupo" campo3="" nombre_tabla="USUARIO_GRUPO" fecborrado="2022-09-07T08:37:51" flgok="1" />
<Tmp codigo1="MBAJ" codigo2="00016" codigo3="" campo1="CdUsuario" campo2="Cdgrupo" campo3="" nombre_tabla="USUARIO_GRUPO" fecborrado="2022-09-07T08:38:34" flgok="1" />
<Tmp codigo1="AUGC" codigo2="00046" codigo3="" campo1="CdUsuario" campo2="Cdgrupo" campo3="" nombre_tabla="USUARIO_GRUPO" fecborrado="2022-09-07T17:44:25" flgok="1" />
<Tmp codigo1="BYAS" codigo2="00034" codigo3="" campo1="CdUsuario" campo2="Cdgrupo" campo3="" nombre_tabla="USUARIO_GRUPO" fecborrado="2022-09-07T17:46:21" flgok="1" />
<Tmp codigo1="CJPZB" codigo2="00046" codigo3="" campo1="CdUsuario" campo2="Cdgrupo" campo3="" nombre_tabla="USUARIO_GRUPO" fecborrado="2022-09-07T18:01:17" flgok="1" />
<Tmp codigo1="JMS" codigo2="00006" codigo3="" campo1="CdUsuario" campo2="Cdgrupo" campo3="" nombre_tabla="USUARIO_GRUPO" fecborrado="2022-09-07T18:06:26" flgok="1" />
<Tmp codigo1="JDBA" codigo2="00006" codigo3="" campo1="CdUsuario" campo2="Cdgrupo" campo3="" nombre_tabla="USUARIO_GRUPO" fecborrado="2022-09-07T18:07:19" flgok="1" />
<Tmp codigo1="RONA" codigo2="00048" codigo3="" campo1="CdUsuario" campo2="Cdgrupo" campo3="" nombre_tabla="USUARIO_GRUPO" fecborrado="2022-09-07T12:58:25" flgok="1" />
<Tmp codigo1="EER" codigo2="00006" codigo3="" campo1="CdUsuario" campo2="Cdgrupo" campo3="" nombre_tabla="USUARIO_GRUPO" fecborrado="2022-09-07T17:34:16" flgok="1" />
<Tmp codigo1="FMF" codigo2="00046" codigo3="" campo1="CdUsuario" campo2="Cdgrupo" campo3="" nombre_tabla="USUARIO_GRUPO" fecborrado="2022-09-07T18:03:08" flgok="1" />
<Tmp codigo1="JAGIB" codigo2="00006" codigo3="" campo1="CdUsuario" campo2="Cdgrupo" campo3="" nombre_tabla="USUARIO_GRUPO" fecborrado="2022-09-07T18:04:16" flgok="1" />
<Tmp codigo1="JHD" codigo2="00034" codigo3="" campo1="CdUsuario" campo2="Cdgrupo" campo3="" nombre_tabla="USUARIO_GRUPO" fecborrado="2022-09-07T18:05:32" flgok="1" />
<Tmp codigo1="JSS" codigo2="00034" codigo3="" campo1="CdUsuario" campo2="Cdgrupo" campo3="" nombre_tabla="USUARIO_GRUPO" fecborrado="2022-09-07T18:06:10" flgok="1" />
<Tmp codigo1="JLOA" codigo2="00034" codigo3="" campo1="CdUsuario" campo2="Cdgrupo" campo3="" nombre_tabla="USUARIO_GRUPO" fecborrado="2022-09-07T18:07:03" flgok="1" />
<Tmp codigo1="JJFU" codigo2="00034" codigo3="" campo1="CdUsuario" campo2="Cdgrupo" campo3="" nombre_tabla="USUARIO_GRUPO" fecborrado="2022-09-07T18:07:58" flgok="1" />
<Tmp codigo1="LACF" codigo2="00036" codigo3="" campo1="CdUsuario" campo2="Cdgrupo" campo3="" nombre_tabla="USUARIO_GRUPO" fecborrado="2022-09-07T18:09:24" flgok="1" />
<Tmp codigo1="NPP" codigo2="00046" codigo3="" campo1="CdUsuario" campo2="Cdgrupo" campo3="" nombre_tabla="USUARIO_GRUPO" fecborrado="2022-09-07T18:09:53" flgok="1" />
<Tmp codigo1="RJFL" codigo2="00034" codigo3="" campo1="CdUsuario" campo2="Cdgrupo" campo3="" nombre_tabla="USUARIO_GRUPO" fecborrado="2022-09-07T18:10:11" flgok="1" />
<Tmp codigo1="SGVF" codigo2="00046" codigo3="" campo1="CdUsuario" campo2="Cdgrupo" campo3="" nombre_tabla="USUARIO_GRUPO" fecborrado="2022-09-07T18:11:00" flgok="1" />
<Tmp codigo1="LMPC" codigo2="00019" codigo3="" campo1="CdUsuario" campo2="Cdgrupo" campo3="" nombre_tabla="USUARIO_GRUPO" fecborrado="2022-09-03T12:32:13" flgok="1" />
<Tmp codigo1="SKPG" codigo2="00019" codigo3="" campo1="CdUsuario" campo2="Cdgrupo" campo3="" nombre_tabla="USUARIO_GRUPO" fecborrado="2022-09-06T11:37:11" flgok="1" />
<Tmp codigo1="MACAR" codigo2="00017" codigo3="" campo1="CdUsuario" campo2="Cdgrupo" campo3="" nombre_tabla="USUARIO_GRUPO" fecborrado="2022-09-06T11:37:58" flgok="1" />
</ROOT>